sequence	query	target	len	queryName	matches	mismatch
ATTGTCGAGAGCTTGGGAACC	novel	novel	21		1	0
CACATCAGACTACTCTAATAAGT	novel	novel	23		1	0
GAGTGTGCAAGTATCGTGTGACT	novel	novel	23		1	0
TTGGAAGTTCTAGATCTTGGT	novel	novel	21		1	0
TATTAACCAGTGTTCTAAGGAC	novel	novel	22		1	0
GGATAATGGTTCGGCTCA	cons	cons	18	mir171_20	1	0
TGGACTGAAGGGAGCTCCCT	cons	cons	20	mir159_24	7	0
CACTGGAGCACTGGACGTAAG	novel	novel	21		1	0
AGGGCACTTGTTAACATGATCAT	novel	novel	23		1	0
ACTTGGACTGAAGGGAGCTCC	cons	cons	21	mir159_29	1	0
AGAGAGAGAGAGAGAGAC		novel	18		12	0
CGAGAGAGAGAGAGAGAGAGA	tasi	novel	21		2	0
ACAGAATCTTAAGAGTAGAACCT	novel	novel	23		1	0
AATGTTGTCTGGCTCGAG	cons	cons	18	mir165_40	16	0
CACTAAAAGTCCAATTTCGTCAC	novel	novel	23		4	0
TTTGGATTGAAGGGAGCTC	cons	cons	19	mir159_7	5	0
GGAATGTTGGCTGGCTCGAGG	cons	cons	21	mir165_19	2	0
GTCCTTAAAACGTCACTATAGGCT	novel	novel	24		2	0
GGTATTGCATGGTCCTCGGACTC	novel	novel	23		1	0
CTAAGTCATCTTGATATGGTT	tasi	tasi	21		1	0
TAGCCAAGGATGACTTGCCT	cons	cons	20	mir169_4	1	0
TCTTTAATTGGATTGTTAACCAAT	novel	novel	24		1	0
GAAGCTGCCAGCATGATCTGG	cons	cons	21	mir167_17	1	0
TTGGAACTCAAGTTTGACAAACT	novel	novel	23		1	0
TTCTTCGATCGATCGAGCCAGGCC	novel	novel	24		1	0
TCGGACCAGGCTTCATTC	cons	cons	18	mir165_20	41	0
AACAATTGATTGATGATGTGACT	novel	novel	23		1	0
CTTCCCTACTCCGCCCATGCC	cons	mix	21	mir482_27	2	0
CACATGACAGAATCTTAAAAGGA	novel	novel	23		1	0
AGCTCGCGACTCAAACTTACGACT	novel	novel	24		1	0
CAGCCAAGGATGACTTGCCGG	cons	cons	21	mir169_12	1	0
TTGGATGCGAATTTTGATAAATT	novel	novel	23		1	0
TAATATAACATAGTTGGGCCC	novel	novel	21		3	0
TTGAACCAATAACAACTAATCACC	novel	novel	24		1	0
AGGAGAGTAAAGTAGAGTTGAC	novel	novel	22		1	0
GTTCTTGGAGGCTTTAGAGCT	novel	novel	21		2	0
CATGGCTGAATCTTAAGAAGAGA	novel	novel	23		1	0
ATAGATCATGTGGCAGTTTC	cons	mix	20	mir167_17	5	0
AATAACACCTAAGATACTGTACCT	novel	novel	24		1	0
AGGTACAGTATCTTAGGTGTTATT	novel	novel	24		1	0
TTCCCCAGTGGAGTCGCC	cons	cons	18	mir5072_11	2	0
GACGACTTAAATACGCGACGGG	novel	novel	22		2	0
CAGCAATTTTAAACAAGTAGAAGT	novel	novel	24		1	0
ACGGGGAACAGGCAGAGCATG	cons	cons	21	mir408_7	1	0
GTAGAGGAAGACAAAAAATAACAT	novel	novel	24		1	0
TTCGTTGTCTGTTCGACCT	cons	cons	19	mir858_4	4	0
TTCGGACCAGGCTTCATTCCC	cons	cons	21	mir165_5	10	0
AATTTGTATATTGGGCCTTGGGC	novel	novel	23		2	0
TCTCCTACATGTACGACTTCC	tasi	tasi	21		1	0
AGCCGGAACCAATATCACTC	novel	novel	20		3	0
TTTGGAAACGCACTTGAATCG	novel	novel	21		1	0
CATGTGACAAGTTGTGGCA	novel	novel	19		1	0
AAATCTACTCTATTCTACTCTACT	novel	novel	24		1	0
GTAGAATAAATTTGGCCAAAACT	novel	novel	23		1	0
AAAGTTTAAGCAGTTGAGGGG	tasi	tasi	21		1	0
CTTCGAGATTAGGCCGGATCT	novel	novel	21		1	0
CACGAGTCGTCACATAACAAAGT	novel	novel	23		1	0
ACGGGGAACAGGCAGAGCA	cons	cons	19	mir408_9	2	0
CTATGAGATCTGAGGGCC		cons	18		2	0
ATGCCTGTAGTCCTCGAACCAGA	novel	novel	23		1	0
AGAGAAGCTCAGTAGAATGAACT	novel	novel	23		1	0
CTGTCAAGACTTAATGAACAGCT	novel	novel	23		1	0
GGGAGAAGGAGTAGAGTAGAGTA	novel	novel	23		1	0
CAACAAATGGGTAGGGACATT	novel	novel	21		1	0
TAATCTGCATCCTGAGGTCT	cons	cons	20	mir2111_3	1	0
ATCGCACTGTAGCACAATTGTAT	novel	novel	23		1	0
ATCGAGTTATAGCGAACGTGGACT	novel	novel	24		1	0
TCTTCTTTGAGCTGTACCCGA	novel	novel	21		1	0
GGACCAGGCTTCATTCCC	cons	cons	18	mir165_45	35	0
TGTGAGAGGAGAGAACATC	novel	novel	19		2	0
CTTCGATCGATCGAGCCAGGCCGA	novel	novel	24		1	0
ACCGTGTTTCTCTGTATAA	cons	cons	19	mir7122_3	1	0
TATCTAGAATAGGTGTTAGACATT	novel	novel	24		1	0
ACTGGAGTGATGGAAGGGCCG	tasi	tasi	21		1	0
GAGGGTATTGGGGCTTTTATAGTT	novel	novel	24		1	0
GAGGTCGAGTTAAAAAATGTC	novel	novel	21		1	0
TCTTTCCTAATCCTCCCAT	cons	cons	19	mir482_43	4	0
TTCTACAGCTTTCTTGAAC	cons	cons	19	mir396_25	1	0
GAGGATGCAAAATAGAACT	novel	novel	19		1	0
TTCCCTACTCCGCCCATGCC	cons	mix	20	mir472_5	5	0
AGGGAGAGTAAAGTAGAGTTGAC	novel	novel	23		1	0
GGCCAAGGAAGTTTGAGGC	novel	tasi	19		1	0
ATTTGAGGGCTAAGATTGAAAGT	novel	novel	23		1	0
TTTAATATCTGATATGTGGCCC	novel	novel	22		2	0
AGGGAGAGTAAAGTAGAGTAGAGT	novel	novel	24		1	0
GCAGCATCATTGAGATTC	cons	cons	18	mir172_11	3	0
ACAATAACAAGTGATAGTGGACT	novel	novel	23		1	0
TGAAGCGTTTGGGGGAACCC	cons	cons	20	mir395_7	1	0
CAACAAATCGTAAGTGGCAGGTT	novel	novel	23		1	0
ACAGGTGGTTAGTTGTTATTGGT	novel	novel	23		2	0
CCGAGGACTACAGGCATGAAT	tasi	novel	21		2	0
AGGGAGAACCTAAGAACAGCACC	novel	novel	23		1	0
CTTGGACTGAAGGGAGCT	cons	cons	18	mir156_8	13	0
TAAATCCATTCATGCCTGTAGTC	novel	novel	23		2	0
CCTCGGACCAGGCTTCATTCCCC	cons	cons	23	mir166_48	1	0
TTTGAACCAATAACAACTAACTAC	novel	novel	24		1	0
ATGCCTGTAGTCCTCGGACCA	tasi	novel	21		10	0
TCGGGTTAGGGTTGAAGGATCATG	novel	novel	24		1	0
CCGTGTTTCTCTGTATAAC	cons	cons	19	mir7122_9	2	0
AGAGAAAATGGTAGGACC	novel	novel	18		2	0
GGATATGGGTGTGTTGGTAAG	novel	novel	21		1	0
TGGCTTAGCAGGTCAGAGAAGAC	novel	novel	23		2	0
TTAGATTCACGCACAAACT	cons	cons	19	mir403_4	4	0
GGAGAACTTAAGGAATAACACTT	novel	novel	23		1	0
AGGGACAGAACTAGGATTC		cons	19		1	0
CTAGACAGAACCAAGGTATTG	tasi	tasi	21		1	0
TGACAACGAGAGAGAGCACG	cons	cons	20	mir535_8	4	0
ATTTTGGGACAACTCTACTCTACT	novel	novel	24		1	0
TATGAGATCTGAGGGCCT		cons	18		2	0
AGGGGAGTAGAGTAGAGTTGACT	novel	novel	23		2	0
ATAGGTGAAGCAGAGAGAAAATC	novel	novel	23		1	0
CTCTGTCGAAACGCCGCCGTC	novel	novel	21		1	0
ATCATGCCTGTAGTCCTCGGA	tasi	mix	21		5	0
TTGGATTGAAGGGAGCTCTA	cons	cons	20	mir159_6	5	0
GTCCTAGGCATGCTTGGCAACGTC	novel	novel	24		1	0
TACAATTATCTGATCAAT	cons	cons	18	mir5083_2	2	0
ATTCCACTAAAAGACTCCTGCTT	novel	novel	23		1	0
TATGAGAAAACAATGAACAAATT	novel	novel	23		1	0
AGTTTAATATCTGATATGTGGCC	novel	novel	23		1	0
AGAGCTCTCTTCAGTCCACT	cons	cons	20	mir319_21	2	0
TGGATTGAAGGGAGCTCTA	cons	cons	19	mir159_29	6	0
CGGTTCAATAAAGCTGTGGGA	cons	cons	21	mir396_8	1	0
ATTTTGAGGGGCTATTGTGGGGCC	novel	novel	24		1	0
CTGTCACAGTAGAGATGGCGCC	novel	novel	22		1	0
TCGCTTGGTGCAGGTCGGGAA	cons	cons	21	mir168_1	2	0
ATGCAATGCCTTGGTTCTGTC	tasi	novel	21		1	0
CTAAGGACACTTGTTAGCATG	novel	novel	21		1	0
ACGAGATAGTAGGAATTAGGCTT	novel	novel	23		1	0
TAGTGAACTCGAGTTTAAAAGACT	novel	novel	24		1	0
ATTGCTTCTGCCATCTGAAAT	novel	novel	21		1	0
TAAGGGTACTCGTTAGCATGACT	novel	novel	23		1	0
CATCGGGCCAAGAATATTAAAG	novel	novel	22		1	0
TTGAGTTATGAGTTATGGAAACT	novel	novel	23		2	0
GGCCTGGCTCGATCGATCGAAGAA	novel	novel	24		1	0
ACTCTCCCTCAAGGACTTCT	cons	cons	20	mir477_2	2	0
AGTGACGTTTTAAGGACCTATAGT	novel	novel	24		1	0
ACTGATTCGTTTAATAAATGGGT	novel	novel	23		1	0
TTGGACTGAAGGGAGCTCCCC	cons	cons	21	mir159_11	1	0
GAGGGGGAGTAGAGTACATAAAC	novel	novel	23		1	0
AGAGGAGAATCTAAGGTACGACA	novel	novel	23		1	0
TCTGGACGGAGAACTCGAGAT	novel	novel	21		2	0
AATCCGGCCCGAACCTGACTCGTT	novel	novel	24		1	0
ATGCACTGCCTCTTCCCT	cons	cons	18	mir408_8	2	0
TTGAACCAATAATAACTAACCACC	novel	novel	24		1	0
ATAACAATTCGACTTTTCTGGAGT	novel	novel	24		1	0
GCCAAAGGAGATTTGCCCTG	cons	cons	20	mir399_23	1	0
ACATTGGCGATCGGTGATTGGACT	novel	novel	24		1	0
AATTCTTTATTAGGTGACTTGTA	novel	novel	23		1	0
GAATGTTGTCTGGCTCGAGG	cons	cons	20	mir165_18	10	0
CTTAGGATAATGGTTAACAATC	novel	novel	22		1	0
CTTAAATACGCGACGGGGTAT	novel	novel	21		3	0
CTTGGACTGAAGGGAGCTCCC	cons	cons	21	mir159_4	6	0
TTGTGTTCTCAGGTCACCCC	cons	cons	20	mir398_7	2	0
TGAGCCGAATCAATATCACT	cons	cons	20	mir171_14	2	0
GGCGGCTCTCCCTTGGCA	cons	cons	18	mir399_21	1	0
TGAACCAATAACAACTAACCACC	novel	novel	23		3	0
GTGGGACAGAAGATTTGGACT	tasi	novel	21		1	0
TTTTTAGAGAATGATGGACAAGT	novel	novel	23		1	0
TTGAGCCGCGTCAATATC	cons	cons	18	mir170_1	5	0
AGCTGCCAGCATGATCTGA	cons	cons	19	mir167_24	8	0
ATCTGGTCCGAGGACTACAGGCAT	novel	novel	24		1	0
AAGTGGAACTCGAAATTGCTAA	novel	novel	22		1	0
TCATTGAGTGCAGCGTTGAT	cons	cons	20	mir397_4	3	0
TAAGTGACAAGTTGTTAAGAATT	novel	novel	23		1	0
AGCCGTTTGATCTTACTGTTGAA	novel	novel	23		1	0
CCTTGAAGTTTAAAGCGATCG	novel	novel	21		1	0
CCAAAGTCTAAATCCGGCGGATT	novel	novel	23		1	0
TTGAGCCGCGTCAATATCTCCT	cons	cons	22	mir171_2	1	0
CACACTTATTGGATTTTGATACT	novel	novel	23		2	0
GTAAAAATCGAGACTCTTAAACT	novel	novel	23		1	0
TAATATAACATAGTTGGACCC	novel	novel	21		1	0
ATCCAATCATGCCTGTAGTCCTCG	novel	novel	24		1	0
TCGCTTGGTGCAGGTCGG	cons	cons	18	mir168_13	6	0
AGAAACCGAGTCCTCTGAACT	novel	novel	21		1	0
CAGAAAATCAAGTGGCAGAAG	tasi	tasi	21		1	0
AATTGGACCAATTAGAAAAAT	novel	novel	21		1	0
AATGCGGCCATAGTCTATCACC	novel	novel	22		1	0
TTGACAACGAGAGAGAGCAC	cons	cons	20	mir535_15	3	0
GCCTATAGTGACGTTTTAAGGACT	novel	novel	24		1	0
AATGCTAATCTGAGGCTC	cons	cons	18	mir7528_2	1	0
CACTAAAAGTCCAATTTCGTCACT	novel	novel	24		1	0
TGGACACGTTGGATCTTGGACACG	novel	novel	24		1	0
AGGGTTGTTTGAATTTTACACT	novel	novel	22		3	0
TCTAATTTTCGATCGATCGAGCC	novel	novel	23		4	0
CCCTACTCCGCCCATGCC	cons	mix	18	mir472_4	14	0
AGACGACTTAAATACGCGACGG	novel	novel	22		2	0
CTACTCCGCCCATGCCATA	cons	cons	19	mir482_39	5	0
GTAGGAACTCAAGTTCAGAGAACT	novel	novel	24		1	0
TTGAGACGAGATAAGAACATAAC	novel	novel	23		1	0
GAAGTACTTAGGACTCTCGGCCT	novel	novel	23		1	0
ATTGGACTGAAGGGAGCTC	cons	cons	19	mir156_4	3	0
TCCCCAGTGGAGTCGCCA	cons	mix	18	mir5072_1	6	0
GGAATCTTGATGATGCTGCA	cons	cons	20	mir172_19	2	0
CTTGCTGACACCTCCCATACC	cons	cons	21	mir482_42	1	0
AATGATAGGACCACGACTTTTGT	novel	novel	23		1	0
GTTAGGAGGACCATGTTAGCAGT	novel	novel	23		2	0
CGGATGACCTTAGAGCAATGATT	novel	novel	23		1	0
AGGGAATACGCATTTATGATACT	novel	novel	23		2	0
TTAAGTGGAAGAGAATGGAATGGG	novel	novel	24		1	0
CCATTGAACTCCATTTAACCCAA	novel	novel	23		1	0
TTGAGCCAAGGATGACTTGC	cons	cons	20	mir169_17	1	0
ATGTGGGACTCCTAGGACACC	tasi	novel	21		3	0
AAGGGCAGTATAACAATGATAGT	novel	novel	23		1	0
TCCAAAGGGATCGCATTGAT	cons	cons	20	mir393_7	4	0
TTAGAACCAGTAACAATTTACC	novel	novel	22		2	0
ATTGAGTGCAGCGTTGATG	cons	cons	19	mir397_7	4	0
TCCCTACTCCGCCCATGCCA	cons	mix	20	mir482_8	6	0
GAATGTCGTCTGGTTCGA	cons	cons	18	mir165_40	7	0
TTTCAAACGCGGCCATAGACC	novel	novel	21		1	0
CTTTCCTAATCCTCCCATTCCA	cons	cons	22	mir482_41	1	0
AAAACCGTGCGGGCTTGGCTC	tasi	novel	21		3	0
AAATTCCCAAGGATGTTCGGTCT	novel	novel	23		1	0
AAGCTCAGGAGGGATAGCGC	cons	cons	20	mir390_4	3	0
ATAGGTGGTTAGTTGTTATTGGT	novel	novel	23		1	0
TCAAATTCCAAGGCCATCATG	novel	novel	21		1	0
GCAGAATTTTAAAAGGAGAACTT	novel	novel	23		1	0
TGAACAGCCAACCATCGCACT	novel	novel	21		1	0
CGGACCAGGCTTCATTCC	cons	cons	18	mir165_33	41	0
AGCTGCTTTGTTATGGATC	cons	cons	19	mir159_31	2	0
CTCATTGTCTGTTCGACC	cons	cons	18	mir858_5	7	0
AACTTGATTCTGGCAACT		cons	18		1	0
CAATGTAAGAACTCGAGCCT	novel	novel	20		1	0
CTCTTAAGATTCAATCATGTGGCT	novel	novel	24		1	0
CAACAGTAAGATCAGATGGCT	novel	novel	21		1	0
GATCATGTGGCAGTTTCACC	cons	cons	20	mir167_5	4	0
CCAAAGGAGATTTGCCCTG	cons	cons	19	mir399_15	2	0
TTAGGGCAATGGTTAATAATC	novel	novel	21		1	0
AAGTTTGAAAGACAATGGGCT	novel	novel	21		1	0
CAATACCTTGGTTCTGTCTAG	tasi	tasi	21		1	0
CGAGGACTACAGGCATGAATG	tasi	novel	21		3	0
TTGAACCAATAACAACTAACCACT	novel	novel	24		1	0
TGAAGTTTGAGAGTGTTTGAATT	novel	novel	23		1	0
TTTGAACCAATAATAACTAACCAC	novel	novel	24		1	0
CGGCAAGTTCTCTTTGGC	cons	cons	18	mir169_3	1	0
CCTCGGACCAGGCTTCATTCCC	cons	cons	22	mir166_56	2	0
GTCTAATTTTCGATCGATCGAGC	novel	novel	23		5	0
TCATGCCTGTAGTCCTCGGACCAG	novel	novel	24		1	0
CCTCGGACCAGGCTTCATTCC	cons	cons	21	mir166_22	3	0
ACTAATCTGAGATCATCTGGTCCG	novel	novel	24		1	0
TTTAGGGCAATGATTAACAAT	novel	novel	21		1	0
ATTTGGAGTTCCATAGTTAGGCT	novel	novel	23		1	0
ACGGACGAGGTCATTGGGCC	novel	novel	20		1	0
TTTCAAAAGTTCTATTTTCGTCCC	novel	novel	24		1	0
TTTCCTACGCCACCCATTCCT	cons	cons	21	mir482_35	2	0
TTGGACTGAAGGGAGCTCCCT	cons	cons	21	mir159_3	5	0
AGCCACATAGTTGAATCTTAAGAG	novel	novel	24		1	0
TTGGACTGAAGGGAGCTC	cons	cons	18	mir156_8	29	0
TTGAGCCGCGTCAATATCTC	cons	cons	20	mir171_7	3	0
ATCACTGGCACTGGACACAAACT	novel	novel	23		1	0
AAATCATCTGGTCCGAGGACT	tasi	novel	21		1	0
TTAGGGCAATGGTTAACAATC	novel	novel	21		1	0
GAATCTTGATGATGCTGCATC	cons	cons	21	mir172_26	1	0
CGCTTCAGCTCGCCGTTGT	novel	novel	19		1	0
GCAGCATCATTAAGATTCACA	cons	cons	21	mir172_14	1	0
AATTCTGACTGACTCGATCGAT	novel	novel	22		2	0
TTGGATTTGGGTTAGAAATAATT	novel	novel	23		1	0
TAGGGTTGTTTGAATTTTACACT	novel	novel	23		2	0
AGCCAACTCTACTCTACTCTCCCT	novel	novel	24		1	0
ACGTTTCGTACCGGTTTAAATACC	novel	novel	24		1	0
TCGATAAACCTCTGCATC	cons	cons	18	mir162_5	4	0
ATGCACTGCCTCTTCCCTGG	cons	cons	20	mir408_6	1	0
AATTGAACCCTGAACTTTTAAAAT	novel	novel	24		1	0
CTCGGACCAGGCTTCATTCCC	cons	cons	21	mir165_2	7	0
ATAGATCATGTGGCAGTTTCA	cons	mix	21	mir167_7	3	0
TGAAGCTGCCAGCATGATC	cons	cons	19	mir167_6	10	0
GGGTAGATTAGGCTTGGAGGGTC	novel	novel	23		3	0
CCCAATTTCACAATATGCTTG	novel	novel	21		1	0
TCATTGAGTGCAGCGTTG	cons	cons	18	mir397_10	6	0
ATGGCAGAATCTTAAGAAAAGAAC	novel	novel	24		1	0
GGGAATCTCTCTGATGCAA	cons	cons	19	mir3630_5	1	0
TCCACAGCTTTCTTGAACTGC	cons	cons	21	mir396_24	1	0
CCCTACTCCGCCCATGCCA	cons	mix	19	mir482_38	9	0
TACTGGTTATTATTGTTGGGGCA	novel	novel	23		2	0
TGGCATGGGCGAGTAGGGA	cons	novel	19	mir482_7	1	0
CAAGTTATAACGGTAGGGACT	novel	novel	21		1	0
ATTGCAAGTAGATCAAAACC	novel	novel	20		1	0
TCTGATCCAGATTCATGTTATCA	novel	novel	23		1	0
ACTAAAAGTTTGTTTTTCGTCCCT	novel	novel	24		1	0
GCAAGTTGTCCTGGGCTC	cons	mix	18	mir169_1	3	0
GGGCAGGTTGTCCTTGGCTC	cons	novel	20	mir169_18	1	0
ATTGAAGTTGGACTCCCAGAAT	novel	novel	22		1	0
TTATACAGAGTAATCACGGT	cons	cons	20	mir7122_6	2	0
TGCGTTGAGCTGCAAATTCCT	novel	novel	21		1	0
CTGGGAACTCTTTTGCAAGAA	novel	novel	21		1	0
TCTTTCCTACGCCACCCATTC	cons	cons	21	mir482_43	3	0
CTTGGGTTCGAGGGCTGGT	novel	novel	19		2	0
CATAAAAACTTTCTTTAAATGGAT	novel	novel	24		1	0
AGTCGTAAGTTTGAGTCGCGAGCT	novel	novel	24		1	0
GGACAGACTTGATGACTTCAACAC	novel	novel	24		1	0
GAAGAATCTAAGGAATGACGCTT	novel	novel	23		1	0
ATTGATCGAAAGTCGTGTAGATT	novel	novel	23		1	0
GAGGAGAACCTAAAGAATAGCACC	novel	novel	24		1	0
AGCCACATGGTTGAATCTTAAGAG	novel	novel	24		1	0
ATAACGGTAGGGACTAAATTGAC	novel	novel	23		1	0
AGCCACATGATTGAATCTTAAGAG	novel	novel	24		1	0
AAGCTCAGGAGGGATAGCG	cons	cons	19	mir390_8	4	0
GGAATGTTGTCTGGCTCG	cons	cons	18	mir165_6	9	0
AAGAGAGTAGAATAGAGTTGGCT	novel	novel	23		1	0
CTAAGGTTATAGAAACGCGGCCT	novel	novel	23		1	0
TGCCAAAGGAGATTTGCCC	cons	cons	19	mir399_20	2	0
TCAGTTTCCATAACTCATAACTC	novel	novel	23		1	0
CAAAAGAGAGTTCGGGAT	novel	novel	18		1	0
TTGGATTGAAGGGAGCTCTAC	cons	cons	21	mir159_46	2	0
TAACAAATCTTAGTTGGCAGGTT	novel	novel	23		1	0
CTATTGAGGATCCAAAAGGAAGC	novel	novel	23		1	0
TTCCACAGCTTTCTTGAACT	cons	cons	20	mir396_3	4	0
GAGGTAAAATAGATAAAGTGACT	novel	novel	23		1	0
CGAGGACTATAACCAATAATAGG	novel	novel	23		1	0
TCCCCACAGACGGCGCCA	cons	novel	18	mir5054_1	1	0
GGAGCATCATCAAGATTCA	cons	cons	19	mir172_25	2	0
CAGAGAGTAACGGTTGAAGAAGT	novel	novel	23		1	0
GGTAGATTAGGCTTGGAGGGTCT	novel	novel	23		1	0
GTAGCATCATCAAGATTCA	cons	cons	19	mir172_24	2	0
AGGGAAGAAACATGCATCCGATGC	novel	novel	24		1	0
CGAGGACTTCAGACATGATTGGA	novel	novel	23		1	0
AGGGGAGTAGAGTAGAGTTAGCT	novel	novel	23		1	0
ACTCGAGATCTCCACCGGATC	novel	novel	21		1	0
GCAAGTTGTCCTGGGCTCT	cons	novel	19	mir169_2	1	0
GAATGTTGTCTGGCTCGAGGAC	cons	cons	22	mir166_23	1	0
ACTGACGTTTCAAAATTTGGATTT	novel	novel	24		1	0
ATTTACAAATTGATGTGACAGTT	novel	novel	23		1	0
CAGCCTGTACTGAATGACTCACA	novel	novel	23		1	0
CGGAGATGGACGGCAGGGCC	novel	novel	20		1	0
GAGTCCCACATCGAAGGAAAACC	novel	novel	23		2	0
TCGCTTGGTGCAGGTCGGG	cons	cons	19	mir168_11	5	0
ACACAGCTGTCTCCATCTGGCCT	novel	novel	23		2	0
AGATCATGTGGCAGTTTCAC	cons	mix	20	mir167_13	5	0
GGAATGTTGTCTGGCTCGAGG	cons	cons	21	mir165_3	5	0
TACAACAAATCACAGGTGGCTAGT	novel	novel	24		1	0
AGTAGAGTAGAGTTAGCCGAAAAT	novel	novel	24		1	0
TCTGGTCCGAGGACTACAGGCATG	novel	novel	24		1	0
GAATGTTGTCTGGCTCGAGGA	cons	cons	21	mir165_36	3	0
TAGTTTGTGGCTTGAGATGGGACC	novel	novel	24		1	0
CAACAATAATACTTCTGACATGT	novel	novel	23		1	0
GCTGAAATTACTGTAGATAAAGG	novel	novel	23		1	0
AGAGAACTTAAGGAACAACACCT	novel	novel	23		2	0
TAGATTCACGCACAAACTCT	cons	cons	20	mir403_7	2	0
TTAGGGTTGTTTGAATTTTACACT	novel	novel	24		1	0
GAAGTACTTGGGATTTTCGGCCT	novel	novel	23		1	0
ACCCTATAGTGACGTTTTAAG	novel	novel	21		4	0
CATTGAGTGCAGCGTTGATG	cons	cons	20	mir397_8	3	0
TGACTAAACTCGAGCCATGCACAC	novel	novel	24		1	0
TTTAGTTAAGTAGTCATATGATT	novel	novel	23		1	0
TTTCCTAATCCTCCCATTCC	cons	cons	20	mir482_31	4	0
TTGAGCCGCGTCAATATCT	cons	cons	19	mir170_2	4	0
ACAAATCACAGGTGGTTAGTTGTT	novel	novel	24		1	0
CATTGAGTGCAGCGTTGATGA	cons	cons	21	mir397_11	1	0
GAGAAATGCTAACGAGTGCCCTT	novel	novel	23		1	0
TTCGTTGTCTGTTCGACC	cons	cons	18	mir858_10	5	0
CACTATCTCTAAGGCACTTG	novel	novel	20		1	0
TCGGACCAGGCTTCATTCCCCC	cons	cons	22	mir165_16	1	0
ACGTGGAACTCGAGTTTTAAAGA	novel	novel	23		1	0
AGTTAGTTTTGAAAAGTCTTGAAC	novel	novel	24		1	0
AAGCTCAGGAGGGATAGCGCC	cons	cons	21	mir390_1	2	0
TGCCTGATGCTACAGAACCTG	tasi	tasi	21		1	0
AATAATGTACAGATTGTCAAGTC	novel	novel	23		1	0
CGAGGACTACAGGCATGATTGGAT	novel	novel	24		1	0
GTCGGACCAGGCTTCATTCCC	cons	cons	21	mir165_23	2	0
TAAGAATACTCGTTAGCATGACT	novel	novel	23		1	0
AGGGCACTGTAGCGCAATGGTTT	novel	novel	23		1	0
GGACCAGATGATCTCAGATTAGT	novel	novel	23		3	0
TTACAAATCGTAGGTGGCAGGTT	novel	novel	23		1	0
CATGTGGCGAGTTGTAGTTGG	novel	novel	21		3	0
CATGGCTGAATCTTAAAAGAGGA	novel	novel	23		1	0
TTCCCCGGCAACGGCGCCA	cons	cons	19	mir8175_4	2	0
GGAGAGGGTAAGGATTGTAAAGC	novel	novel	23		1	0
GACCAGATGATCTCAGATTAGTT	novel	novel	23		2	0
TTTGGATTGAAGGGAGCT	cons	cons	18	mir156_3	6	0
CAGAACAGTGTTGCCTTGGTTGC	novel	novel	23		2	0
AGGAGTCCCACATCGAAGGAAAAC	novel	novel	24		1	0
CATGCCTGTAGTCCTCGGACCAGA	novel	novel	24		1	0
AGAATTACGTGGTTTGACT	cons	cons	19	mir8019_1	1	0
GGAATGTTGTCTGGCTCGAGGA	cons	cons	22	mir165_46	1	0
GAAGTCCAGAAGCTCTGCCGGAAC	novel	novel	24		1	0
TGAAGCTGCCAGCATGATCTA	cons	cons	21	mir167_15	1	0
CGTTCCCCGGCAACGGCGCC	cons	cons	20	mir8175_8	1	0
CCCAAATCATCTGGTCCGAGGAC	novel	novel	23		3	0
ATTTTCCTATTGGTGGTTGGAACT	novel	novel	24		1	0
GTCTAATTTTCGATCGATCGAGCC	novel	novel	24		2	0
TAATTGGTAACTGTCTGAGGCATT	novel	novel	24		1	0
CGAGAGTATGGATAAATAGAATT	novel	novel	23		1	0
TATTCTTGTACGGGCTGTTTAAT	novel	novel	23		1	0
GTGACGAAATTGGACTTTTAGTG	novel	novel	23		4	0
AGTGACGAAATTGGACTTTTAGTG	novel	novel	24		1	0
AATTTACTCTACTCTACTCCCCCT	novel	novel	24		1	0
AAGGTAGAATTGCACTGTAGTAGT	novel	novel	24		1	0
AGGGAAATGTTAACGAGTGCCGT	novel	novel	23		1	0
AGGAACCTAAGGAACAGCACC	novel	novel	21		3	0
CCGCCTTGCATCAACTGAAT	cons	cons	20	mir168_12	1	0
AGGGACTAAACAATATAACAAAT	novel	novel	23		1	0
GTTCAATAAAGCTGTGGGAAG	cons	cons	21	mir396_2	2	0
AAGGGGATTAAGACAAGTAGATC	novel	novel	23		1	0
ACAGGTGGTTAGTTGTTATTGGTT	novel	novel	24		1	0
ATTTGAACCTAACACCGAGAT	novel	novel	21		2	0
CTTTCCTACGCCACCCATTCCT	cons	cons	22	mir482_28	1	0
CTTAGGACAATGATTAACAAT	novel	novel	21		1	0
TGCCAAAGGAGAGCTGCCCT	cons	cons	20	mir399_3	2	0
TCTCATTGTCTGTTCGACC	cons	cons	19	mir858_13	3	0
GGAATCTTGATGATGCTG	cons	cons	18	mir172_10	4	0
CCAAAATACTCATGAAACCT	novel	novel	20		1	0
ATGTGTTCTCAGGTCGCCCC	cons	cons	20	mir398_2	2	0
CGGTTCAATAAAGCTGTGGG	cons	cons	20	mir396_23	2	0
TCCATTTAAAGAAAGTTTTTATG	novel	novel	23		2	0
GAGAGGAGTAGAATAGAGT	novel	novel	19		1	0
AAAATAGAACTTTTTTGGCATC	novel	novel	22		1	0
GAAGTGTTTGGGGGAACT	cons	cons	18	mir395_12	9	0
AAATCCAAATTTTGAAACGTCAGT	novel	novel	24		1	0
GAGGGAGAAGAAACATGCAACAGA	novel	novel	24		1	0
GAACCAATAACAACTAACCACCT	novel	novel	23		2	0
CCCTACTCCGCCCATGCCAT	cons	cons	20	mir482_33	5	0
GCTGATCATTTTGAAGGAAG	novel	novel	20		1	0
AAACAACGGACTGAGTTGATCGT	novel	novel	23		1	0
ACAAACTTAAAAGACTGAAACACC	novel	novel	24		1	0
AAAGTGTTGGTATAGGTCT	novel	novel	19		1	0
GAGGTTTGGGCTAATGCTAACT	novel	novel	22		1	0
CAGGTTCTGTAGCATCAGGCA	tasi	tasi	21		1	0
GTATTTAGAACTCTAATGTGTAAT	novel	novel	24		1	0
AATGTCACTATAGGTCCTTAAAAA	novel	novel	24		1	0
GCAGCATCATTAAGATTCAC	cons	cons	20	mir172_2	2	0
CAACAAATTATAAGTGGCAAGTT	novel	novel	23		1	0
ACACAGCTGTCTCCACCTGGCCT	novel	novel	23		2	0
GTTCAATAAAGCTGTGGGA	cons	cons	19	mir396_10	7	0
TCTTTTAAACTCCCAAAACGCCT	novel	novel	23		1	0
TGCCGAGTGATAAGACTGT	novel	novel	19		1	0
TCATGTATAGAGGTCAGGCCT	novel	novel	21		1	0
TGATATTGATTTGGCTCTTC	cons	cons	20	mir479_13	2	0
CAAATTCCAAGGCCATCATG	novel	novel	20		2	0
TGAAGTGTTTGGGGGAACT	cons	cons	19	mir395_6	7	0
TCTCATTGTCTGTTCGACCT	cons	cons	20	mir858_10	2	0
TCAAAAAACCATATCAGACTA	novel	novel	21		1	0
TTATACAGAGTAATCACGG	cons	cons	19	mir7122_7	3	0
GTCTAATTTTCGATCGATCGAGCT	novel	novel	24		1	0
CTGAAATATCTGATCAAATGA	tasi	tasi	21		1	0
TGGGAATCTCTCTGATGTT	cons	cons	19	mir3630_1	1	0
TCTTTCCTACGCCACCCATTCC	cons	cons	22	mir482_9	2	0
GCAGGTTGTCCTTGGCTCT	cons	novel	19	mir169_9	1	0
GACGACTTAAATACGCGACGG	novel	novel	21		5	0
AATGTCGTCTGGTTCGAGATC	cons	cons	21	mir166_46	1	0
ACTTGATGACTTCAACACTTGACC	novel	novel	24		1	0
CCGAGGACTACAGGCATGATT	tasi	novel	21		4	0
GACCAGGCTTCATTCCCCTC	cons	cons	20	mir166_36	3	0
TAGAGGTGAAAAGATAGAGCT	novel	novel	21		1	0
CACCGTCCGACTCTGCCTGGA	novel	novel	21		1	0
GGACCAGGCTTCATTCCCCTC	cons	cons	21	mir166_25	2	0
GAGCAGAATCTAAGGAACAGCACC	novel	novel	24		1	0
CTTCTGCCACTTGATTTTCTG	tasi	tasi	21		1	0
GGTTAGGGTTGAAGGATCATGAC	novel	novel	23		1	0
GTGAGAATGGAATGTAAAGAGTC	novel	novel	23		1	0
CTCTCCCTCAAGGGCTTCTC	cons	cons	20	mir477_4	2	0
CTCGGACCAGATGATCTCAGATTA	novel	novel	24		1	0
AATGTTGTCTGGCTCGAGG	cons	cons	19	mir165_24	12	0
CACAAAAAGTGGTACAGAGGA	novel	novel	21		1	0
TAGGAAATCGAGTGTTAGAAACT	novel	novel	23		2	0
TCGATAAACCTCTGCATCCAG	cons	cons	21	mir162_1	1	0
CCCCTCAACTGCTTAAACTTT	tasi	tasi	21		1	0
ACTAACCCAAATCATCTGGTCCGA	novel	novel	24		1	0
TTTCGGACCAGGCTTCATTC	cons	cons	20	mir166_49	9	0
ATATGAGATCTGAGGGCC		cons	18		2	0
TTGTGAACTATGCTAAAGGCC	novel	novel	21		1	0
CAATCATGCCTGTAGTCCTCGGA	novel	novel	23		2	0
TCGATGTGGGACTCCTAGGACACC	novel	novel	24		1	0
CCGAGGACTTCAGGCATGATT	tasi	novel	21		2	0
ACAACTAACCACTTGTGATTTGT	novel	novel	23		2	0
CACAACTCGTCACATAGGTAAGT	novel	novel	23		1	0
AGAGGATTGAATTGAACAAA	novel	novel	20		1	0
ACATCACTGTAGGTCCTTAAAAC	novel	novel	23		1	0
TCTTCTTACTCGTTGGCCC	novel	novel	19		1	0
GAGTTGGTCAGCTGTGAGTGA	novel	novel	21		1	0
AGCTGCCGACTCATTCATCC	cons	cons	20	mir159_44	3	0
GTGGCAGGTTGTTATTGGTTGTT	novel	novel	23		1	0
TGAAGTGTTTGGGGGAACTCT	cons	cons	21	mir395_11	1	0
ATTTGAACCAATAACAACTAACC	novel	novel	23		1	0
GTTTTCCTTCGATGTGGGACTCCT	novel	novel	24		1	0
TGGGTAGATTAGGCTTGGAGGGTC	novel	novel	24		1	0
ACAAAAGTTCGTTTTTCGTCCCT	novel	novel	23		1	0
TTGGAAACGCACTTGAATCGG	novel	novel	21		1	0
CATGTTATAATACGTTTTGCA	tasi	tasi	21		1	0
TCCCTACTCCGCCCATGCCATA	cons	cons	22	mir482_3	2	0
CCTTAGGACAATAGTTAACAAT	novel	novel	22		1	0
TTTGGACTGAAGGGAGCTCC	cons	cons	20	mir159_37	1	0
TCGCTTGGTGCAGGTCGGGAAC	cons	cons	22	mir168_4	1	0
CATCGGAAGTAAATGTTATAAGT	novel	novel	23		1	0
AGCTCTCTTCAGTCCACTC	cons	cons	19	mir319_36	2	0
GTTCAATAAAGCTGTGGG	cons	cons	18	mir396_16	9	0
ACAACAAATCACAGGTGGTTAGT	novel	novel	23		2	0
TTTAAGATTCAGTCATGTGGC	novel	novel	21		6	0
TCTTTCCTAATCCTCCCA	cons	cons	18	mir482_25	5	0
AGGGACGAAAATAGAACTTTT	tasi	mix	21		3	0
ACTCACAGTCGACCAACTTAG	novel	novel	21		1	0
AAGCCGCGGCGATGAAGACGA	tasi	tasi	21		1	0
TTGACAATGAGAGAGAGCACG	cons	cons	21	mir535_3	1	0
AGCTGCTTTGTTATGGATCC	cons	cons	20	mir159_34	1	0
GCATCGGATGCATGTTTCTTCCCT	novel	novel	24		1	0
ACAGACTTGATGACTTCAACACT	novel	novel	23		3	0
ATTTCGGACCAGGCTTCATTC	cons	cons	21	mir166_18	5	0
AGGTTGAGTTCGGGTCATAAGATT	novel	novel	24		1	0
AAAAACCGACGAACTGAACAAAC	novel	novel	23		2	0
TGACAACGAGAGAGAGCAC	cons	cons	19	mir535_9	7	0
AGCTGCCGACTCATTCATTC	cons	cons	20	mir159_46	3	0
ATAGCGGTGTTTTTAAGAAGCCT	novel	novel	23		1	0
GAATGTTGGCTGGCTCGAGGC	cons	cons	21	mir166_51	2	0
GCAGCATCATTAAGATTC	cons	cons	18	mir172_9	3	0
GATGGATAGTAGTTAGGATTGAAT	novel	novel	24		1	0
AGGACCTATAGTGACATTTTCAGA	novel	novel	24		1	0
CTCGTTGTCTGTTCGACC	cons	cons	18	mir858_13	2	0
CCCGCCTTGCATCAACTGA	cons	cons	19	mir168_18	3	0
TGGCAGTGCTCCCAGGAAGG	novel	novel	20		1	0
CATATCGGGGAGAGACGCCT	novel	novel	20		1	0
ATGCCTGTAGTCCTCGGACCAGAT	novel	novel	24		1	0
GAGGACATGTTGTGAACAT	novel	novel	19		1	0
CACTCAAACAACACATAAATCGT	novel	novel	23		1	0
CGTGATATTGATTTGGCTC	cons	cons	19	mir479_15	2	0
TTCCCTACTCCGCCCATGCCA	cons	mix	21	mir482_26	2	0
CGAGACCCGACCTGAGACCCG	novel	novel	21		2	0
TTGGCATTCTGTCCACCTCC	cons	cons	20	mir384_2	1	0
CCTTAGGACAATGGTTAACAAT	novel	novel	22		2	0
CAATTTCACAATATGCTTG	novel	novel	19		2	0
GAGAACGAGAACACGGAC		cons	18		1	0
AGGGAAAAGAAGATCTAAAAACT	novel	novel	23		1	0
TGACAATGAGAGAGAGCACG	cons	cons	20	mir535_6	4	0
CTATTTTCGTCCCTAAACT	novel	tasi	19		1	0
CGAGACTGGTTAATTGTAATGAT	novel	novel	23		1	0
TAGCCAAGGATGACTTACCTG	cons	cons	21	mir169_10	1	0
GTTCCCTTGATCACTTCACT	cons	cons	20	mir395_6	1	0
GAGTGGGACAAAGAACTAGACTT	novel	novel	23		1	0
AGTCCACGTTCGCTATAACTCGAT	novel	novel	24		1	0
ATTGTTACGTCAATTTGTAA	novel	novel	20		1	0
GATGCCCTTAGAACAATGATTAAT	novel	novel	24		1	0
AATCTTATGACCCGAACTCAACCT	novel	novel	24		1	0
TGTGGTGACTAGAATTCTACT	tasi	novel	21		1	0
TCTTAAAATTCAGTTATGTGACT	novel	novel	23		1	0
CGACTTAAATACGCGACGGGG	novel	novel	21		5	0
TTAGATTCACGCACAAAC	cons	cons	18	mir403_4	5	0
CAACAAATCATAGGTGACGGATT	novel	novel	23		1	0
GAAAATAGAACTTTTGAAAGT	tasi	novel	21		2	0
CTAGCATCTCGAGACTTTAAAACT	novel	novel	24		1	0
TTGACAATGAGAGAGAGCAC	cons	cons	20	mir535_11	2	0
CAAGATGGGAAGATGTTAGGCAC	novel	novel	23		1	0
TACAACATCGCTCTCACATGG	novel	novel	21		1	0
ATTGAACCCTTAGGCTTGGCTGG	novel	novel	23		1	0
CTAATTTTCGATCGATCGAGCCT	novel	novel	23		3	0
CATGCCTGTAGTCCTCGGACC	tasi	novel	21		8	0
AAGATTGAAGGAAGAAGACGCTT	novel	novel	23		1	0
AGGGAGTACGTATTTATGATACT	novel	novel	23		1	0
CGCTTGGTGCAGGTCGGGAAC	cons	cons	21	mir168_5	3	0
AACAGAACAATGACCAAGGGATT	novel	novel	23		1	0
TATATGCCAGGTCACTCACAGAC	novel	novel	23		1	0
TTACGATGATGATTCTTAGCT	novel	novel	21		1	0
GGAGATGCGCTTGGTCAG	novel	novel	18		1	0
CTACAATTATCTGATCAAT	cons	cons	19	mir5083_1	1	0
AGAATCTTGATGATGCTGCA	cons	cons	20	mir172_16	4	0
AACGAGTCAGGTTCGGGCCGGATT	novel	novel	24		1	0
AACAACTAACCACCTGTGATTTGT	novel	novel	24		1	0
CGGACCAGGCTTCATTCCCCTC	cons	cons	22	mir166_56	1	0
ATCTGTTGTTCTTCCAACCAA	tasi	tasi	21		1	0
ATTCGGGTGCGTTTCTAAATC	novel	novel	21		1	0
CGTGGAACTCGAGTCTTTAAAAC	novel	novel	23		1	0
GAATGTTGTCTGGCTCGAGGC	cons	cons	21	mir165_8	2	0
AGGGGGAGTAGAGTAGAGTAAATT	novel	novel	24		1	0
ATTTATGGTCAACTCTGCTATACT	novel	novel	24		1	0
ATGTGCTCTAGCTCTCCAGC	cons	cons	20	mir164_3	2	0
ACGTTTTTGAGGACTTAGGCCT	novel	novel	22		1	0
CGGCCTGGCTCGATCGATCGAAG	novel	novel	23		4	0
ATCTTAGCGTATCTAGTGGAACT	novel	novel	23		1	0
CGTGATATTGATTTGGCT	cons	cons	18	mir479_12	3	0
GCAAGTGATGATAAAACAGAC	cons	cons	21	mir3630_2	1	0
GCATGGTCCTCGGACCCAAGCCT	novel	novel	23		1	0
AGGAGAGAGATTGAATTTCGGCA	novel	novel	23		2	0
TCATTGTCTGTTCGACCTTG	cons	cons	20	mir858_15	2	0
ATAACTGATTATCTAATTGGGCT	novel	novel	23		1	0
CTAACCCAAATCATCTGGTCCGAG	novel	novel	24		1	0
CTGAAGTGTTTGGGGGAACT	cons	cons	20	mir395_5	3	0
ATCATGGTGTAAAATCTAAACACT	novel	novel	24		1	0
GAGACTTTAGACGCATGCATC	novel	novel	21		1	0
AGGAGAGTAAAGTAGAGTTGGCT	novel	novel	23		1	0
AACCCTTGGACAAGTCGTAGCCT	novel	novel	23		1	0
TCACACTTATTGGATTTTGATACT	novel	novel	24		1	0
TTAGTTTGTGGCTTGAGATGGGAC	novel	novel	24		1	0
AGGGAAGTAGAGTAGAATTGACT	novel	novel	23		1	0
TGGCAGAATCTTAAGAAAAGAACT	novel	novel	24		1	0
GACAGAAGAGAGTGAGCAC	cons	cons	19	mir156_10	2	0
AGTTTGTGGCTTGAGATGGGACC	novel	novel	23		3	0
TCCACGGCTTTCTTGAACTG	cons	cons	20	mir396_16	1	0
TTTCTTGGACAGACTTGATGACT	novel	novel	23		1	0
GGGGAATGTTATCTGGTCCAA	novel	novel	21		1	0
GTGCTCTTTCTTGTTGTCA	cons	novel	19	mir535_11	1	0
TTCGGCCTGGCTCGATCGATCGA	novel	novel	23		1	0
ATGTAGAAATCGAGTTTTAAAGAC	novel	novel	24		1	0
ATGGATTTGGGCCTAATTAGGTT	novel	novel	23		1	0
AGTGACGAAATTGGACTTTTAGT	novel	novel	23		3	0
ACTCCAGAAAAGTCGAATTGTTAT	novel	novel	24		1	0
TGACAATGAGAGAGAGCACGC	cons	cons	21	mir535_1	2	0
CATAACTGTTGGTCTCACTAATT	novel	novel	23		1	0
CGGCCCTTCCATCACTCCAGT	tasi	tasi	21		1	0
AGTAGAGTAGAGTTAGTTGAAAAT	novel	novel	24		1	0
TCCGAAGAGAGCGTCAGTAGTCCG	novel	novel	24		1	0
ATTGAAAGTCGAAGCCCAAAACT	novel	novel	23		1	0
ACCGAAGAGTATCGTATGTGCTT	novel	novel	23		1	0
CTTCCACAGCTTTCTTGAACTG	cons	cons	22	mir396_14	1	0
GAGGGGTCTGAGATGAGC		cons	18		1	0
CGGACCAGGCTTCATTCCCC	cons	cons	20	mir165_14	20	0
GAGATGAACTTAAGGAACAGCACC	novel	novel	24		1	0
CTTAAGGCAATGGTTAACAAT	novel	novel	21		1	0
CAAGTTGTTCTTGGCTACG	cons	cons	19	mir169_17	1	0
ATAAAAACTTTCTTTAAATGGAT	novel	novel	23		3	0
CTTTTCAGAACAGTTGTGACAGC	novel	novel	23		1	0
TTGGAGAAGGACAAGGTAGAGTT	novel	novel	23		1	0
CTGGACACTGGACCTAAGCCT	novel	novel	21		2	0
GATTTTGAGGGGCTATTGTGGGGC	novel	novel	24		1	0
CTCGGACCAGGCTTCATTCC	cons	cons	20	mir165_17	10	0
CTTGGACTGAAGGGAGCTCCCT	cons	cons	22	mir159_10	1	0
TAATCTGAGATCATCTGGTCCGA	novel	novel	23		3	0
CGACTTAAATACGCGACGGGGT	novel	novel	22		2	0
TGAAGCTGCCAGCATGAT	cons	cons	18	mir167_27	11	0
TGGGATTGTAGATCGTAGGATC	novel	novel	22		1	0
AGAGGAGAATCTAAGGAACAGC	novel	novel	22		2	0
GTGGTACTTGAGCTTGGTAAACT	novel	novel	23		1	0
AACCAATAACAACTAACCACCTGT	novel	novel	24		1	0
AAGTACTGAAGGTAAGCCAAACT	novel	novel	23		1	0
AGGGACGGAACTAGGATTC		novel	19		1	0
CGAGTTGTGACTGATGGAGGT	novel	novel	21		1	0
GGTTTTCCTTCGATGTGGGAC	tasi	novel	21		4	0
GTGCACTGGACTTGTAGATATAGT	novel	novel	24		1	0
TTGGACTGAAGGGAGCTCCTT	cons	cons	21	mir159_22	1	0
ATAATGGTTCGGCTCACC	cons	cons	18	mir171_14	1	0
TTTCCAGAACATCTATGACAGCT	novel	novel	23		1	0
GATTGGTGTCTTGGTCTGATGAT	novel	novel	23		1	0
CATTCAAGATTGCTCAAATTT	novel	novel	21		1	0
ATAGAAATCGAGTCCTCTGAACT	novel	novel	23		1	0
TTTGGAAACGCACTTGAATC	novel	novel	20		2	0
TGACAGAAGATAGAGAGCAC	cons	cons	20	mir156_9	1	0
TAGATCATGTGGCAGTTTCACC	cons	cons	22	mir167_26	1	0
TGACAATGAGAGAGAGCAC	cons	cons	19	mir535_14	6	0
GAACGCCTCTAAGTCAGAATC	tasi	tasi	21		1	0
CCCACATCGAAGGAAAACCCC	tasi	novel	21		1	0
TGTTATTGTTGGGGCAAAAAAGT	novel	novel	23		1	0
CTTGGACAGACTTGATGACTTCA	novel	novel	23		3	0
ATATGAGGACAAAAATGAAGCTT	novel	novel	23		1	0
CGGACCAGGCTTCATTCCCCC	cons	cons	21	mir165_25	2	0
AGAAAAACGTGGTCATAGGACGA	novel	novel	23		1	0
TTGGGCTGAAAAATGAACACT	novel	novel	21		1	0
AAGAATAGATCATGTGGCAGT	novel	novel	21		1	0
GAGGGGAGTAGAGTAAAGTTGGC	novel	novel	23		1	0
GAGCTCTCTTCAGTCCACT	cons	cons	19	mir159_37	4	0
TCGGCCTGGCTCGATCGATCGAAG	novel	novel	24		1	0
TTTGAGAGTATTGGCTGCT	novel	novel	19		1	0
TTAAGAGAAGAACATAAGGAACA	novel	novel	23		1	0
TGCACTGCCTCTTCCCTGGCT	cons	cons	21	mir408_4	1	0
GAACAAAAGTAAAGTTAGAGAACT	novel	novel	24		1	0
GGTTCAATAAAGCTGTGGGA	cons	cons	20	mir396_25	3	0
TGAGCCAAGGATGACTTG	cons	cons	18	mir169_16	6	0
ATCCCCAGTGGAGTCGCC	cons	mix	18	mir5072_7	2	0
GGAGTCCTTGTAGAAGCAATGTT	novel	novel	23		1	0
TCGGACCAGGCTTCATTCCCCT	cons	cons	22	mir165_11	3	0
TCCCGCCTTGCATCAACTG	cons	cons	19	mir168_10	3	0
ATGAATTATGGAAACTGAAAACA	novel	novel	23		1	0
TTCCAATGTGGGACAAGAGCCT	novel	novel	22		1	0
GGAATGTCGTCTGGTTCG	cons	cons	18	mir165_28	4	0
CGAGGATGGGATGAGGCAAGACA	novel	novel	23		1	0
ACGTAGAATAATTGTGACAAA	novel	novel	21		1	0
CACATGACAGAATCTTAAGAAGG	novel	novel	23		1	0
GAGGAGAATCTAAGGAACAGCACC	novel	novel	24		1	0
TGAGCCGCGTCAATATCTCC	cons	cons	20	mir171_3	4	0
CGAGAACGAGAACACGGA		cons	18		1	0
CACGAGTCGTCATATGGTAAAGT	novel	novel	23		1	0
GTGAAGGAGAGTAGAGTAAAGTT	novel	novel	23		1	0
CGAGGACCGCTGTCGTGAATG	novel	novel	21		1	0
CACCTGGTGTAACTCTACAAAAG	novel	novel	23		2	0
AAGATGTAACTTGAACCCAACCCT	novel	novel	24		1	0
TGAAGTGTTTGGGGGAAC	cons	cons	18	mir395_14	9	0
CACTTGTGCGGGCCTCCC		novel	18		1	0
ACTCTCCCTCAAGGACTTCTA	cons	cons	21	mir477_5	1	0
TTCAGAATTTAGGGATGTAAAATC	novel	novel	24		1	0
TTTAGGGACGAAAAACGAACT	tasi	novel	21		1	0
AACCATATCAAGATGACTTAG	tasi	tasi	21		1	0
CTCTTAAGATTCAACTATGTGGCT	novel	novel	24		1	0
ATGTGTTCTCAGGTCGCCCCT	cons	cons	21	mir398_8	1	0
TCTAATTTTCGATCGATCGAGCCT	novel	novel	24		1	0
TTTCTTGATGGTCTTCTA	cons	novel	18	mir827_3	1	0
CAGACGACTTAAATACGCGAC	novel	novel	21		3	0
TACTCCACTGCAGAACAATGCTT	novel	novel	23		1	0
CAGGACTTTTACTTTGAA		cons	18		1	0
TAAATCCATTCATGCCTGTAGTCC	novel	novel	24		1	0
TTGACAACGAGAGAGAGCACG	cons	cons	21	mir535_5	1	0
TCTTACCTACTCCGCCCATGC	cons	cons	21	mir482_17	1	0
ACTAGCATCTCGAGACTTTAAAAC	novel	novel	24		1	0
ATGTCAAGTGATGATTGGATTACT	novel	novel	24		1	0
TGTTTGTTATTGGAGGGTATT	novel	novel	21		1	0
CTCAGGAGGGATAGCGCC	cons	cons	18	mir390_6	5	0
CGATAAACCTCTGCATCCAG	cons	cons	20	mir162_8	2	0
CTCGGACCAGATGATCTCAGATT	novel	novel	23		3	0
TTAGGCCGGATCTTGAAGAGA	novel	novel	21		1	0
CACCGTGGAAAAGTAAGAACACT	novel	novel	23		1	0
TGTGAACTATGCTAAAGGCCT	novel	novel	21		1	0
GTAGCATCATCAAGATTCAC	cons	cons	20	mir172_5	1	0
ACGACTTAAATACGCGACGGG	novel	novel	21		5	0
GCCAAAGGAGAGCTGCCCTG	cons	cons	20	mir399_9	2	0
ATTTGGTCAGCTATCATGGGC	novel	novel	21		1	0
GGGACGGAACTAGGATTC		mix	18		2	0
TCGGACCAGGCTTCATTCCCC	cons	cons	21	mir165_1	16	0
ATGGAATCTAAGGAACAACACCT	novel	novel	23		1	0
TATGTGAGAGCTAGGTTCAAGTT	novel	novel	23		1	0
AAAAGATTTCAAGGAACTCGACT	novel	novel	23		1	0
TGCCAAAGGAGAGCTGCCCTG	cons	cons	21	mir399_1	1	0
ACATGACTCGCGAACTCGACA	novel	novel	21		1	0
GAGCCGGAACCAATATCACTC	novel	novel	21		1	0
AGTAGAGTAGAATAGAGTAGATTT	novel	novel	24		1	0
AAAATTGAGCTTTTGAGACT	novel	novel	20		1	0
TTGGACTGAAGGGAGCTCCCTT	cons	cons	22	mir159_9	3	0
TTACAAATCGAGACTTAGAAACT	novel	novel	23		1	0
AATGATGGACAAGTGACGTAGTC	novel	novel	23		1	0
ACTTTCGATTAGACTTTGCACCCT	novel	novel	24		1	0
ATGGAAATCGAGTTTTTGAGACT	novel	novel	23		1	0
CTACATGCACTGGACCTAAGCCT	novel	novel	23		1	0
CACTCGAATCTGGAAACGCACC	novel	novel	22		1	0
TCTTTCCTAATCCTCCCATTC	cons	cons	21	mir482_15	2	0
TCCAACGATGCAGGAGCTGT	cons	cons	20	mir156_1	1	0
TAATTTTCGATCGATCGAGCCTT	novel	novel	23		2	0
CAGCATCATTGAGATTCACAG	cons	cons	21	mir172_8	1	0
TCTTTCCTAATCCTCCCATTCC	cons	cons	22	mir482_1	1	0
AGGGAAGTATAGTAGAGTTGATT	novel	novel	23		1	0
TGAGCCGCGTCAATATCTC	cons	cons	19	mir171_25	6	0
GAGGAGAACCTAAGGAACAACACC	novel	novel	24		1	0
ACAGGCGGTGGACCAAATATGAA	cons	novel	23	mir9560_1	1	0
TTGGTCGAGACACAGAAAAAG	novel	novel	21		1	0
CCACAGCTTTCTTGAACTG	cons	cons	19	mir396_14	8	0
AACTGTAGGTTGGTATGAGGTACT	novel	novel	24		1	0
AAGTCCAGAAGCTCTGCCGGAACC	novel	novel	24		1	0
CGGACCAGGCTTCATTCCCCT	cons	cons	21	mir165_32	5	0
TTAGGGCAATAGTTAACAATT	novel	novel	21		1	0
TTGGATTGAAGGGAGCTC	cons	cons	18	mir156_7	9	0
CTGCTACATCTGGACTGTAG	novel	novel	20		1	0
GAATGTCGTCTGGTTCGAGAT	cons	cons	21	mir166_41	1	0
TGGACTGAAGGGAGCTCCCTT	cons	cons	21	mir159_15	4	0
TGCCAAAGGATATTTGCCCGG	cons	cons	21	mir399_14	1	0
CTAGAAAATCGAGTGTTAGAAAC	novel	novel	23		1	0
ATGGAAATCAAGTCTCTAAAACT	novel	novel	23		1	0
AAAACGCGGCTATAGGTGTGACCT	novel	novel	24		1	0
CTGGTCCGAGGACTACAGGCATGA	novel	novel	24		1	0
TTCTCTCACATAACTGTAGGTCCT	novel	novel	24		1	0
AATTTGGGGTGTAAAATCTAAGC	novel	novel	23		1	0
ACCTATGATTTGTTGTAAAAATG	novel	novel	23		2	0
GAGAGAAAATAGGAAGGAAAACT	novel	novel	23		1	0
TTATTAACAACTGCAAGGAGCCT	novel	novel	23		1	0
CGGAAGTCTTTTCCTTATAGGAC	novel	novel	23		1	0
TCTCGGACCAGGCTTCATTCC	cons	cons	21	mir166_44	3	0
AACCATGATCAAAACTTAGAGACT	novel	novel	24		1	0
TCGTTGTCTGTTCGACCTTG	cons	cons	20	mir858_9	3	0
TGTGGCTGTAGTTTAGTGGTAAGA	novel	novel	24		1	0
CTATGGAGATGATAATGGATGAAT	novel	novel	24		1	0
GAATCCTAATCCGAATTGGACTT	novel	novel	23		1	0
ATATGCCGGGTCACTCACAGACT	novel	novel	23		1	0
CTCGTTGTCTGTTCGACCT	cons	cons	19	mir858_9	1	0
TTAGATTCACGCACAAACTC	cons	cons	20	mir403_2	3	0
AAAGTTTTGAATCTAGTTGGCATT	novel	novel	24		1	0
GATCCCGCCTTGCATCAACTG	cons	cons	21	mir168_20	1	0
GACTTAAATACGCGACGGGGTA	novel	novel	22		2	0
TGAGCCGAACCAATATCACTC	cons	cons	21	mir171_7	1	0
TTGAACTAATAACAACTAAGCACC	novel	novel	24		1	0
AACTGAAACTGTGACTTGAAG	novel	novel	21		1	0
ATACCGGTATTGAAACATC	novel	novel	19		2	0
CGCTTGGTGCAGGTCGGGA	cons	cons	19	mir168_12	8	0
CTAATTTTCGATCGATCAAGCCT	novel	novel	23		1	0
GTGTTCTCAGGTCGCCCCTG	cons	cons	20	mir398_6	3	0
AGAGGAGTAAAGTAGAATAAACT	novel	novel	23		1	0
ATGAATGTAAGAGGAGGGAGC	novel	novel	21		2	0
CACAGCTTTCTTGAACTG	cons	cons	18	mir396_4	9	0
TCTTTCCTATGCCACCCATTC	cons	cons	21	mir482_22	1	0
TTTCGGACCAGGCTTCATTCCC	cons	cons	22	mir166_54	5	0
GGAGAGAGATTGAATTTCGGCAA	novel	novel	23		3	0
AATAGATCATGTGGCAGTTTC	novel	novel	21		2	0
ATTTTAGAGGTCGTCACATAAGA	novel	novel	23		2	0
TTGAAATGACAAAACTGAAACTT	novel	novel	23		1	0
AGGGGAGTAAAGTAGAGTTGGCT	novel	novel	23		1	0
GGAATGTTGTCTGGCTCGA	cons	cons	19	mir165_9	8	0
ATTTTCTAAAACTCGAGATGCCT	novel	novel	23		1	0
ACATGCGAACTTGTCTGACCT	novel	novel	21		1	0
TGAAGCGTTTGGCGGAACGC	cons	novel	20	mir395_12	1	0
GCTATGAGATCTGAGGGC		mix	18		2	0
ACGAGAGGGAGTAGAGTAGAATT	novel	novel	23		1	0
TAACGGGTTGAAAAAGATAAATT	novel	novel	23		1	0
ATTAGGCTTGGAGGGTCTCTTGCT	novel	novel	24		1	0
ACCTCGGACCAGGCTTCATTC	cons	cons	21	mir166_29	1	0
AACCTGGCTCTGATACAA	cons	cons	18	mir1511_7	1	0
CCTGGCTCGATCGATCGAAGA	tasi	novel	21		5	0
AGAGGGATGGAAAAAGTGAATTT	novel	novel	23		1	0
GTAATAGAGGAGCCTGTAGCAGC	novel	novel	23		1	0
ACCCGTAGGTAGAAGGACTTGAAT	novel	novel	24		1	0
TGCAAAACGTATTATAACATG	tasi	tasi	21		1	0
CTTCGGACCAGGCTTCATTCCC	cons	cons	22	mir166_70	1	0
CTGGTCCGAGGACTACAGGCATG	novel	novel	23		5	0
CTATACTCTGAGATTACCTAAGA	novel	novel	23		1	0
AGCTGCCGACTCATTCATT	cons	cons	19	mir159_43	4	0
GGAGAACTTAAGAAACAGCACC	novel	novel	22		1	0
GAGAATCTTGATGATGCTGCA	cons	cons	21	mir172_20	1	0
TAGATTGTTAACTATTGCCCT	novel	novel	21		1	0
TTGGTGGAATATAAAGTGGAACAC	novel	novel	24		1	0
AAAATATTATGGACGTAACACC	novel	novel	22		1	0
GTTCCCTCGATCACTTCACT	novel	novel	20		1	0
GTTAACGAGTGCTGTAGGGTATT	novel	novel	23		1	0
AGAGTAGAGTAGAATTGGCCC	novel	novel	21		1	0
GACTGCATCGTAAAACCTGGGA	novel	novel	22		1	0
CTTGGACTGAAGGGAGCTCCT	cons	cons	21	mir159_13	1	0
GGAATGGGCAGTTTGGGAAG	cons	cons	20	mir482_23	1	0
AAAAGTTCTATTTTCGTCCCT	tasi	mix	21		3	0
TCGGACCAGGCTTCATTCCC	cons	cons	20	mir165_4	27	0
CTTGAGATGGGACCAAAGGGACC	novel	novel	23		1	0
AGCTCAGGAGGGATAGCGCC	cons	cons	20	mir390_2	3	0
TCGAGTCGACCTGTTTAATAAAC	novel	novel	23		1	0
TTGGGTAGATTAGGCTTGGAGGGT	novel	novel	24		1	0
TAAGAACTCGAGTTTACTAAACT	novel	novel	23		1	0
TTTGGATCATTCATATTTTTGAA	novel	novel	23		2	0
AGCTGCTTTGTTATGGAT	cons	cons	18	mir159_46	3	0
TCCCCAGTGAAGTCGCCA	cons	mix	18	mir5072_2	2	0
ATTTTGTGCTAAATCTACTCTACT	novel	novel	24		1	0
ACTTCTACTTGTTTAAAATTGCTG	novel	novel	24		1	0
AAAAGAGAAAAGATGGACATT	novel	novel	21		1	0
ACCTATAGTGACGTTTTGTAA	tasi	novel	21		2	0
AAAGATCTCGAGTTTTAGAAACT	novel	novel	23		1	0
CTTGGACTGAAGGGAGCTCC	cons	cons	20	mir159_20	11	0
CCCGCCTTGCATCAACTG	cons	cons	18	mir168_7	7	0
GCAAGTGATGATAAAACAGA	cons	cons	20	mir3630_4	2	0
TCCCTACTCCGCCCATGCCAT	cons	cons	21	mir482_10	3	0
TTCCCCAGTGGAGTCGCCA	cons	cons	19	mir5072_4	1	0
GATTAGGCTTGGAGGGTCTCTTGC	novel	novel	24		1	0
CTTGGACAGACTTGATGACTTCAA	novel	novel	24		1	0
TAAAGGAGTAGAGTGTAATTACC	novel	novel	23		1	0
ATAGTGAACTCGAGTTTAAAAGAC	novel	novel	24		1	0
TCTCGGACCAGGCTTCATTCCC	cons	cons	22	mir166_40	2	0
CTTTTCCTGCTCCACTCTATACT	novel	novel	23		2	0
ATAAGATGACAGAATGTACCACT	novel	novel	23		1	0
AGGATGGAAAATTGGTAGGGCCC	novel	novel	23		1	0
AACAGACCAAACCTGAGCATC	novel	novel	21		1	0
TTATACAGAGTAATCACGGTT	cons	cons	21	mir7122_8	1	0
CTTAGGACAATGGTTAACAATT	novel	novel	22		1	0
TCTTACCTACTCCGCCCATG	cons	cons	20	mir482_32	2	0
CGAGATGATTCAAGTTGGGCT	tasi	novel	21		2	0
ACTATAGGTCCTTAAAACGTCACT	novel	novel	24		1	0
CATGATAGAATCTAGACCCT	novel	novel	20		1	0
TCTTCCCTACTCCGCCCATGC	cons	cons	21	mir482_38	1	0
AACGAGTCCAGTGCAACTG	novel	novel	19		1	0
TTCTTAAGATTTAGCTATGTGACT	novel	novel	24		1	0
CTCTTAGGCCGCGTTTGAAAAG	novel	novel	22		1	0
AGGGAGAGTAGAGTAGAGTTGGCT	novel	novel	24		1	0
CATGTGCTCTAGCTCTCCAGC	cons	cons	21	mir164_1	1	0
GAATGTTGGCTGGCTCGAGG	cons	cons	20	mir165_35	4	0
GATTGGACCAAGAAACAAGTGAA	novel	novel	23		1	0
GGACTGAAGGGAGCTCCC	cons	cons	18	mir159_45	17	0
ATTCACAACTCGTCATGT	novel	novel	18		1	0
CGAGTTGTGATTGGTGGAGGG	novel	novel	21		1	0
TGTCGCAGGAGAGATGGCCC	cons	cons	20	mir3627_3	3	0
TGATGTTGGCATGGCTCAAT	cons	cons	20	mir171_17	1	0
GGCAGGTCTCCTTGGTTAGC	cons	novel	20	mir169_2	1	0
TTGGACAGACTTGATGACTTCAAC	novel	novel	24		1	0
AATTTGTGCCACAACTCGTCCATG	novel	novel	24		1	0
CTGGAAAGAGTTTGCCCTTGGC	novel	novel	22		1	0
CACTATAGGCTCCTTAAAACGCC	novel	novel	23		1	0
CGTGATATTGATTTGGCTCTT	cons	cons	21	mir479_7	1	0
TCTGCCAGTAGTCATATG		cons	18		2	0
CCTTAGGCCGCGTTTGAAACG	novel	novel	21		1	0
TGGTGCAGGTCGGGAACT	cons	cons	18	mir168_19	4	0
TGTGTTCTCAGGTCGCCCC	cons	cons	19	mir398_2	6	0
AATGACTAGAATAAAAACAGCCT	novel	novel	23		1	0
GGAATGTTGTCTGGCTCGAG	cons	cons	20	mir165_12	7	0
AAGCTGCCAGCATGATCTGAGC	cons	cons	22	mir167_9	1	0
TCCGAGGACTACAGGCATGAT	tasi	mix	21		5	0
ATGGTACTTGAGCTTGGTAAACT	novel	novel	23		1	0
CGAGGACTACAAGCATGAATG	tasi	novel	21		1	0
AATGTTGGCTGGCTCGAGGC	cons	cons	20	mir166_68	4	0
TTTCTGTAAAACGATTTCCGAGA	novel	novel	23		1	0
CGGATTTGATGAGATTTCGCT	novel	novel	21		1	0
TGACAGAAGAGAGTGAGCAC	cons	cons	20	mir156_4	1	0
AAATTTGTATATTGGGCCTTGGGC	novel	novel	24		1	0
GAGAAGGAGAGAGATCGAGAGAT	novel	novel	23		1	0
TTAGCGCTGCACTCAATCATG	cons	novel	21	mir397_2	1	0
ATGTATACCGGTATTGAAACATC	novel	novel	23		1	0
AGGACCTATAGTGACGTTTTGTAA	novel	novel	24		1	0
TTTGGATTGAAGGGAGCTCTAC	cons	cons	22	mir159_20	1	0
CGAAGAATTCTGGCCGTACCG	novel	novel	21		2	0
AAGGCCTAAAGAAACATTGAAAT	novel	novel	23		1	0
GGCAGTGCTCCCAGGAAGGT	novel	novel	20		1	0
ACGGAAATAGCTAAGGTGGCAGC	novel	novel	23		1	0
AGATGAATTACGGCAATACTGTT	novel	novel	23		1	0
TTTCGGACCAGGCTTCATTCC	cons	cons	21	mir166_4	7	0
TTTTTAAGGACCTATAGTGACATT	novel	novel	24		1	0
CTAGGCATGCTTGGCAACGTC	tasi	novel	21		2	0
TCATTGAGTGCAGCGTTGA	cons	cons	19	mir397_3	5	0
TGAGCCGCGTCAATATCTCCT	cons	cons	21	mir171_26	2	0
TCTTCCCTACTCCGCCCA	cons	cons	18	mir472_5	2	0
AAGAATAAGGATCTCAAGAGACT	novel	novel	23		1	0
TTAGTAGTCGGCGCACTA	novel	novel	18		1	0
GAGGAGGATGAGACATTTGATGA	novel	novel	23		1	0
TAATGCATCAATACACTGGAC	novel	novel	21		1	0
GATGTTGGCATGGCTCAATC	cons	cons	20	mir171_10	1	0
CTAAGTGGCAGGTTGTTACTGGT	novel	novel	23		1	0
TGCCAAAGGAGAATTGCCCT	cons	cons	20	mir399_10	1	0
TGAGAGGAGGGAGCATTACTC	novel	novel	21		1	0
ACCAGAGGACTGTATAATTTCTC	novel	novel	23		1	0
AGAGAGAGAGAGAGAGAGAGATT	novel	novel	23		1	0
GAATGTTGTCTGGCTCGA	cons	cons	18	mir165_42	15	0
AGTTCTTGGAGGCTTTAGAGC	novel	novel	21		2	0
GCACAGAGTCGGAGACAGAAGTC	novel	novel	23		1	0
TCATGCCTGTAGTCCTCGGAC	tasi	novel	21		4	0
AAAATATTGTAGACATAACACCT	novel	novel	23		1	0
CGACAGAGACTAAATTGACACT	novel	novel	22		1	0
AATGATAAATAAGTGACTTGGTC	novel	novel	23		1	0
TGTTGGAGAGTATGAGGATATGCC	novel	novel	24		1	0
ACAACTAACCACCTGTGATTTGT	novel	novel	23		2	0
ATGGATCTCGAGTTTTAGAAACT	novel	novel	23		3	0
ACTTAAATACGCGACGGGGTAT	novel	novel	22		2	0
TCCGAGGACCATGCAATGCCT	tasi	novel	21		1	0
AATGTTGGACTTCACTCACA	novel	novel	20		1	0
CTCATTGTCTGTTCGACCT	cons	cons	19	mir858_3	5	0
TGACCATTATGAATTCAGCATTT	novel	novel	23		1	0
TAACAAGTACTCTAAGGACACT	novel	novel	22		1	0
CCCGACCCAACCTGATCCATGTGG	novel	novel	24		1	0
GGAGCATCATCAAGATTC	cons	cons	18	mir172_11	3	0
ATGAGATAGAAGATTTGAACT	novel	novel	21		1	0
TAAAGTTTGAAAGTGTTTGAATT	novel	novel	23		1	0
CAAAGAAACAAGGACTCGCGACT	novel	novel	23		1	0
CATGAAAATCGAGTCTCTGAGAC	novel	novel	23		1	0
AACAAGAACAGACTGCATATC	novel	novel	21		1	0
TGGACTGAAGGGAGCTCC	cons	cons	18	mir159_49	32	0
GGCCTGGCTCGATCGATCGAAGA	novel	novel	23		4	0
GTCAGCTTGTGATAGGTCGGGAA	novel	novel	23		1	0
AAGTCTGAGGACCATGCAATGCCT	novel	novel	24		1	0
ATGTTGTCTGGCTCGAGG	cons	cons	18	mir165_26	13	0
GGAGCATCATCAAGATTCAC	cons	cons	20	mir172_13	1	0
TATAGTAGCATTTTAAGGAGCCT	novel	novel	23		1	0
CTTGGAAATCTGGATACTCACC	novel	novel	22		1	0
CTGCATCGTAAAACCTGGGAGA	novel	novel	22		1	0
ATTTTCTAAAACTCAAGATGCCT	novel	novel	23		1	0
GTTTAATATCTGATATGTGGCCC	novel	novel	23		1	0
TTTAAAACGTCACTATAGGTCCT	novel	novel	23		1	0
GAGATACTCGCGAGACACAGCTG	novel	novel	23		2	0
GCAGCATCATTGAGATTCAC	cons	cons	20	mir172_4	2	0
TTTTCCGAGATTGTCGTGCGA	novel	novel	21		1	0
CAATAAATTTGTAGAGAGTGAGT	novel	novel	23		2	0
TTGAGGATGTTTAGCTTTTACACC	novel	novel	24		1	0
TTTAAGGACCAAATTGATAAGTT	novel	novel	23		2	0
TTCTGGCCGACTCTACTCTACTT	novel	novel	23		1	0
TAATCTGAGATCATCTGGTCCGAG	novel	novel	24		1	0
AAGGGATTCAAACTTTGCAAGTC	novel	novel	23		1	0
CTGTCGCAGGAGAGATGGCC	cons	cons	20	mir3267_1	2	0
ATGGAAATCGAGTATCTGATACT	novel	novel	23		2	0
AAAGAGGAAATTAATGAACAACA	novel	novel	23		1	0
CCTATTAAGATTCAGTCATGTGGC	novel	novel	24		1	0
ATCATGCTATCCCTTTGGAT	cons	cons	20	mir393_5	2	0
CGGACCAGGCTTCATTCCC	cons	cons	19	mir165_27	32	0
CGAAGCACGGTGAATGATGGACC	novel	novel	23		1	0
GTTCCCCGGCAACGGCGCCA	cons	cons	20	mir8175_5	1	0
ACCCAAATCATCTGGTCCGAGGAC	novel	novel	24		1	0
CAATCTAATAGCTGACGGTAC	tasi	tasi	21		1	0
TGCACTGCCTCTTCCCTGGC	cons	cons	20	mir408_3	3	0
TTTGGATTGAAGGGAGCTCT	cons	cons	20	mir159_5	4	0
AGATCATGTGGCAGTTTCACC	cons	cons	21	mir167_3	3	0
GAATGTCGTCTGGTTCGAGA	cons	cons	20	mir166_28	3	0
AATGTTGTCTGGCTCGAGGCC	cons	cons	21	mir166_69	1	0
GCTGCTTTGTTATGGATCCC	cons	cons	20	mir159_43	1	0
TTGATGACTTCAACACTTGACCT	novel	novel	23		2	0
CACTGGACACATTAGGATG	novel	novel	19		1	0
CAAGGAAAATGGAAATGAGTTCT	novel	novel	23		1	0
GAGATACACTGATAGCTAGGATT	novel	novel	23		1	0
ACTGAAATCGTGACTTGAAGT	novel	novel	21		3	0
AAGTTTGAGGGTGTTTGAATT	novel	novel	21		1	0
TTCGACTTATAAGCGCTGGGCCT	novel	novel	23		1	0
TTAGAACTCTAATGTGTAATGTT	novel	novel	23		1	0
TGACAATGAGAGAGAGCA	cons	cons	18	mir535_14	7	0
TTCGGACCAGGCTTCATTCCCCT	cons	cons	23	mir166_71	1	0
AACCAAATGTATTGTTAGAATTT	novel	novel	23		1	0
TGAAGCTGCCAGCATGATCTT	cons	cons	21	mir167_21	1	0
TCTGCATGTTTCGGATACATG	novel	novel	21		1	0
CGAGGACTACAGACATGATTG	tasi	novel	21		1	0
AAGCTGCCAGCATGATCTGA	cons	cons	20	mir167_20	5	0
GTTCAATAAAGCTGTGGGAA	cons	cons	20	mir396_13	4	0
TTTCGGACCAGGCTTCATTCCCC	cons	cons	23	mir166_27	2	0
GAACCTGGCTCTGATACCA	cons	cons	19	mir1511_4	1	0
TGGACTGAAGGGAGCTCCC	cons	cons	19	mir159_17	16	0
CAGTAAGACTCATGAATAGTAGC	novel	novel	23		1	0
AAATGGGACAAAATGCTGAATTT	novel	novel	23		1	0
GACGTTGCCAAGCATGCCTAGGAC	novel	novel	24		1	0
CTTCGATCGATCGAGCCAGGCCG	novel	novel	23		4	0
ATGAGAAATGAGATATGAAAACT	novel	novel	23		1	0
AAAACTCGAGCTTGTGAAACT	novel	novel	21		1	0
TTCAATAAAGCTGTGGGAAGA	cons	cons	21	mir396_21	1	0
AGCTGCCAGCATGATCTGAGC	cons	cons	21	mir167_10	2	0
CTTTTAAACTCCCAAAACGCCT	novel	novel	22		2	0
TCCCCGGCAACGGCGCCA	cons	cons	18	mir8175_1	6	0
GAGTAGAGTAGAGTTGGC	cons	novel	18	mir5653_1	16	0
CGGACCAGATGATCTCAGATTAG	novel	novel	23		3	0
TCCGAGGACTACAGGCATGAA	tasi	novel	21		2	0
AGCTGCCGACTCATTCATTCA	cons	cons	21	mir159_18	2	0
CTAGGAAATCGAGTGTTAGAAAC	novel	novel	23		1	0
ACCGTGTTTCTCTGTATA	cons	cons	18	mir7122_5	2	0
GGACCAGGCTTCATTCCCC	cons	cons	19	mir165_13	22	0
TACAGAACAGTGTTGCCTTGGTT	novel	novel	23		1	0
CGGCCAAATACCCTCTGAAAGTT	novel	novel	23		1	0
AGAGGAGAAACAAAAGTTAGAGC	novel	novel	23		1	0
CTGTCGCAGGAGAGATGGCCC	cons	cons	21	mir3627_1	1	0
ATACAAGTGTTCCGTTGGATTCT	novel	novel	23		1	0
TGTGAATGATGCGGGAGATAA	cons	cons	21	mir319_26	1	0
AGGAATGTTGTCTGGCTCGAG	cons	cons	21	mir165_43	1	0
TTTCGGACCAGGCTTCATT	cons	cons	19	mir166_67	10	0
CTATAGGTCCTTAAAACGTCACT	novel	novel	23		2	0
CGGCTTGTATATAATGACAAC	novel	novel	21		1	0
TTACTGGTTATTATTGTTGGGGC	novel	novel	23		3	0
AACGATCCAAGGAAAAGCGCT	novel	novel	21		1	0
GAGGATAGAAAATTGAGAAGAGA	novel	novel	23		1	0
CTTCGGACCAGGCTTCATTCC	cons	cons	21	mir166_37	2	0
TTGATATATCAGGAGTGAGATCT	novel	novel	23		1	0
TTAAGAGGAGAACATAAAGAACA	novel	novel	23		1	0
ATTAATCATTGTTCTAAGGGCATC	novel	novel	24		1	0
AATGTTGGCTGGCTCGAGGCT	cons	cons	21	mir166_42	1	0
GGCATGGGCGAGTAGGGA	cons	mix	18	mir482_20	2	0
GAAGTGTTTGGGGGAACTC	cons	cons	19	mir395_9	5	0
TCATTTGATCAGATATTTCAG	tasi	tasi	21		1	0
CAGCATCATTAAGATTCACAG	cons	cons	21	mir172_16	1	0
TTGGCCTTGGCTGCTGCATGCCA	novel	novel	23		1	0
TTGAACCAATAACAACTAACCACC	novel	novel	24		1	0
CGGACCAGATGATCTCAGATTAGT	novel	novel	24		1	0
GAGAGAGAGAGAGAGAGAGAGAT	novel	novel	23		2	0
CAGGCTGGCATCTTCTGACGAAGG	novel	novel	24		1	0
TAGAATTGAAGGGTGTAAAACTT	novel	novel	23		1	0
GATAAACCTCTGCATCCAG	cons	cons	19	mir162_7	3	0
CTATTGTGTATAAAGATGTAAACT	novel	novel	24		1	0
GAAGGTCCTAGGTTGTGGCT	novel	tasi	20		1	0
GGGAACGGGCTTGGCAGA		cons	18		1	0
CGCTATCCATCCTGAGTTTC	cons	cons	20	mir390_7	1	0
TGCAGGACTGGATGACAACA	novel	novel	20		1	0
TTCGTTTTTCGTCCCTAAACT	tasi	novel	21		1	0
ACAAGTACTCTAAGGACACT	novel	novel	20		3	0
AGTAGAATTCTAGTCACCACA	novel	tasi	21		1	0
ATATAACATAGTTGGGGCC	novel	novel	19		1	0
TGAAGCTGCCAGCATGATCTGAG	cons	cons	23	mir167_8	1	0
GCTTGGTGCAGGTCGGGAA	cons	cons	19	mir168_17	6	0
TTAGATTCACGCACAAACTCT	cons	cons	21	mir403_1	1	0
TGAGCCAAGGATGACTTGCC	cons	cons	20	mir169_6	1	0
ATGATCTTTGTTACACTTTGCACC	novel	novel	24		1	0
AGAATGATGGTTAAATGATTGAAT	novel	novel	24		1	0
GAAGCTGCCAGCATGATCTGA	cons	cons	21	mir167_12	3	0
TACTTTCGATTAGACTTTGCACCC	novel	novel	24		1	0
ATGTTGTGAAATTGGGTG	novel	novel	18		1	0
CCACAGCTTTCTTGAACTGC	cons	cons	20	mir396_23	3	0
TCATTGTCTGTTCGACCT	cons	cons	18	mir858_14	7	0
CCCGCCTTGCATCAACTGAA	cons	cons	20	mir168_8	2	0
CTCTTAAGATTCAACCATGTGGCT	novel	novel	24		1	0
AGCTGCCAGCATGATCTGAG	cons	cons	20	mir167_24	4	0
TGCCAAAGGAGAGCTGCCC	cons	cons	19	mir399_16	3	0
TCGATAAACCTCTGCATCCA	cons	cons	20	mir162_4	2	0
CTTGAGAACAAAACCGTGCGG	novel	novel	21		1	0
TTCGAGCTGGTGGTACCCATGGGC	novel	novel	24		1	0
AAAAACGCAGCTTCAAGGTACTG	novel	novel	23		1	0
GTGGAACTCAAGTCTAAGAAACT	novel	novel	23		1	0
GAGAGAGAGAGAGAGAAAGGACT	novel	novel	23		1	0
CATCAGATCAAGACACTAATCAG	novel	novel	23		1	0
TTGGATTGAAGGGAGCTCT	cons	cons	19	mir159_22	7	0
ATGGCATGTTAGGATTAGCGGGC	novel	novel	23		1	0
GCGAAATTGACTCCAGAAAAG	novel	novel	21		1	0
TAATGCATCAATACACTGGA	novel	novel	20		2	0
AATTGCTTCTGCCATCTGAAA	tasi	novel	21		1	0
TCTCGGACCAGGCTTCATTCCCC	cons	cons	23	mir166_33	1	0
TCCGCAAAATATCCCATG		tasi	18		1	0
TTCGATCGATCGAGCCAGGCC	tasi	novel	21		17	0
TTGAGCCGCGTCAATATCTCC	cons	cons	21	mir171_1	2	0
CTGAAGTGTTTGGGGGAAC	cons	cons	19	mir395_15	4	0
AATGTTGGCTGGCTCGAGG	cons	cons	19	mir165_44	7	0
AGTAGAGTTGGCTGGAAATTAGC	novel	novel	23		1	0
CTTGGACTGAAGGGAGCTC	cons	cons	19	mir159_30	12	0
TCTCATTGTCTGTTCGACCTT	cons	cons	21	mir858_8	1	0
CCCTACTCCGCCCATGCCATA	cons	cons	21	mir482_12	3	0
TTGGTTGGAAGAACAACAGAT	tasi	tasi	21		1	0
CATGGACGAGTTGTGGCACAAATT	novel	novel	24		1	0
GGCAGGTCTCCTTGGTTAG	cons	mix	19	mir169_13	2	0
GCGAGGTAGAAGGAACATAAACT	novel	novel	23		1	0
AGGAGAGTAGAGTAGAGTTGACT	novel	novel	23		2	0
AGTTCTATTTTCGTCCCTAAA	novel	novel	21		1	0
ACTTTTCCTGCTCCACTCTATACT	novel	novel	24		1	0
TTCCCCAGCGGAGTCGCC	cons	cons	18	mir5072_8	1	0
TAGATCTGGTTGATATCTGGCCT	novel	novel	23		1	0
TTCAATAAAGCTGTGGGAAG	cons	cons	20	mir396_9	4	0
TAGTTTGTGGCTTGAGATGGGAC	novel	novel	23		3	0
TCCAATGTGGGACAAGAGCCT	novel	novel	21		2	0
AAGCTCAGGAGGGATAGC	cons	cons	18	mir390_8	5	0
ATTTTCAACTAACTCTACTCTACT	novel	novel	24		1	0
CCACATGGATCAGGTTGGGTCGGG	novel	novel	24		1	0
AGGACATGTTCAGTTAAAAAAGTA	novel	novel	24		1	0
TGAAGCTGCCAGCATGATCTG	cons	cons	21	mir167_2	4	0
GGTATTTAAACCGGTACGAAACGT	novel	novel	24		1	0
TGAAGCTGCCAGCATGATCTGA	cons	cons	22	mir167_1	2	0
GATTCTGACTTAGAGGCGTTC	tasi	tasi	21		1	0
GCTTGGACTGAAGGGAGCTCC	cons	cons	21	mir159_41	1	0
TTTAAGATTCTGTCATGTAGA	novel	novel	21		2	0
AGATTGACAGCTTGTTGGGT	novel	novel	20		1	0
ATGGTGAGTGTATAATAAGTAGC	novel	novel	23		2	0
CGCTTGGTGCAGGTCGGGAA	cons	cons	20	mir168_9	5	0
TTCGAGTCACAAGGTAGAAAACT	novel	novel	23		1	0
TTCGTTGTCTGTTCGACCTT	cons	cons	20	mir858_9	2	0
GCAGCATCATTGAGATTCACA	cons	cons	21	mir172_6	1	0
ACGAGTCCAGTACTACTAGAACT	novel	novel	23		1	0
TTTGAGCCAAGGATGACTTG	cons	cons	20	mir169_10	1	0
AAAATGTTGTAGACGTAGCACC	novel	novel	22		3	0
AGACGACTTAAATACGCGACG	novel	novel	21		5	0
ATTACACAACTTTGTTCACAACT	novel	novel	23		1	0
GTGCACTAGACCTGGTTGGATGGT	novel	novel	24		1	0
TTGGGTTGTGTTAACGGGCACC	novel	novel	22		1	0
TCGTCTTCATCGCCGCGGCTT	tasi	tasi	21		1	0
AGGAACCTAAGGAACAACACCT	novel	novel	22		2	0
AAAAGGGGATCTGCAGATACAACT	novel	novel	24		1	0
TAAGAGAACCTAAGGAATAGC	novel	novel	21		1	0
GAGTTGTGATTGGTAAGGGTG	novel	novel	21		2	0
CAAGTTGTCCTGGGCTCT	cons	mix	18	mir169_15	2	0
TAGCGCTGCACTCAATCATG	cons	mix	20	mir397_7	2	0
GCCAGGGTCGGCGCGACC	novel	novel	18		2	0
ATGTGGAACTCGAGTTTTAAAGA	novel	novel	23		1	0
TCCCTACTCCGCCCATGC	cons	mix	18	mir472_3	12	0
TAGCTAGGGCTGTCGTGGCACT	novel	novel	22		1	0
AGTCCAATCACCGATCGCCAATGT	novel	novel	24		1	0
CTCATTGTCTGTTCGACCTTG	cons	cons	21	mir858_1	1	0
TTGGAAACGCACTTGAATCG	novel	novel	20		3	0
CTTACCTACTCCGCCCATGCC	cons	cons	21	mir482_27	1	0
AGTTGAGTTGGCTGGAAATTAGC	novel	novel	23		1	0
CAGACGACTTAAATACGCGACG	novel	novel	22		2	0
GAGGTGATCAGACTATGGAAATC	novel	novel	23		1	0
CCGAGGACTACAGGCATGAATGG	novel	novel	23		1	0
GAGAGTAGAGAGACTGTGAGGGT	novel	novel	23		1	0
AGGCATTGCATGGTCCTCAGACTT	novel	novel	24		1	0
ATACTGTAAAATAATTTGTGACT	novel	novel	23		1	0
ATAGAATCCTGAATATGCATT	novel	novel	21		1	0
TCCAAATTCTGAAATGTTAGAGTG	novel	novel	24		1	0
ATAGAAATCGAGTATTTGAGACT	novel	novel	23		1	0
CGTGAGCAAGTTGTGGCAAAAGT	novel	novel	23		1	0
GAGAATCTTGATGATGCTGC	cons	cons	20	mir172_14	2	0
ATGTGAGAAGAGGAAGCACC	novel	novel	20		1	0
AGCTGCCGACTCATTCATTCAA	cons	cons	22	mir159_27	1	0
ATTTTCCTATCAGACTAACTGTT	novel	novel	23		1	0
TTATCATCAGACCAAGACACC	tasi	novel	21		1	0
GAGAAGAACAAGAAGCTG	novel	novel	18		1	0
CTCGGACCAGGCTTCATTCCCC	cons	cons	22	mir165_10	4	0
TCAGAATTTAGGAATGTAAAATC	novel	novel	23		1	0
TTTGAACCAATAACAACTAACCAC	novel	novel	24		2	0
ATACTAGGTGTAACTTGAACC	novel	novel	21		1	0
TGACAACGAGAGAGAGCACGC	cons	cons	21	mir535_2	2	0
GTAGAAAATCGAGTATGAGGCGA	novel	novel	23		2	0
CGAGGACTACAGACATGAATG	tasi	novel	21		2	0
CCTACTCCGCCCATGCCA	cons	mix	18	mir472_4	11	0
CGTCATGTGACAAGTTGTGGC	novel	novel	21		1	0
TTCGTTGTCTGTTCGACCTTG	cons	cons	21	mir858_2	1	0
CTTTCCTATGCCACCCATTCC	cons	cons	21	mir482_30	1	0
TCTGAAAATGTCACTATAGGTCCT	novel	novel	24		1	0
GCAAGAGATGCAGTCATTCTG	novel	novel	21		1	0
ATTTCGGACCAGGCTTCATTCC	cons	cons	22	mir166_60	4	0
CTTTGACACCCTACTGTAGCAAG	novel	novel	23		1	0
TTTGGGTTGAGGATTCTTAAC	novel	novel	21		1	0
GATAATGGTTCGGCTCAC	cons	cons	18	mir171_21	1	0
TGGCCACTGGACAGAAGCTGAGTC	novel	novel	24		1	0
TTCGGACCAGGCTTCATTCC	cons	cons	20	mir165_22	14	0
GGAATGTTGGCTGGCTCGAGGC	cons	cons	22	mir166_52	1	0
CATGGCTGAATCTTAAGAAGG	novel	novel	21		2	0
AGAATCTTGATGATGCTGCAT	cons	cons	21	mir172_2	2	0
ATGTGGAACTCGAGTCTTTAAGA	novel	novel	23		1	0
TTCCACAGCTTTCTTGAAC	cons	cons	19	mir396_5	5	0
TCCAAAGGGATCGCATTGATC	cons	cons	21	mir393_5	3	0
CGAGGACTTCAGGCATGATTGGA	novel	novel	23		2	0
AAGTTCTATTTTCGTCCCTAA	novel	novel	21		1	0
CCTACTCCGCCCATGCCATA	cons	cons	20	mir482_30	4	0
TATATGAGATCTGAGGGC		cons	18		1	0
TTAAGGATGATTGGATTTTACACC	novel	novel	24		1	0
ATCCCCAGTGGAGTCGCCA	cons	novel	19	mir5072_3	1	0
CAACATCGCTCTCACATGGGA	novel	novel	21		1	0
TTGACAGAAGATAGAGAGC	cons	cons	19	mir156_12	2	0
GTAGCATCATCAAGATTC	cons	cons	18	mir172_21	3	0
TGAATGCAAGGCCATCCGAGG	tasi	novel	21		1	0
ATTTCGGACCAGGCTTCATTCCCC	cons	cons	24	mir166_20	1	0
GTGATATTGATTTGGCTC	cons	cons	18	mir171_16	5	0
AGCTGCCAGCATGATCTG	cons	cons	18	mir167_29	14	0
CTCGGACCAGGCTTCATTC	cons	cons	19	mir165_28	13	0
ATGATCCTTGTTACACTTTGCACT	novel	novel	24		1	0
AAAAGTTAAAATAGATCTACTGCT	novel	novel	24		1	0
CATGACAGAATTTAGACCCT	novel	novel	20		1	0
TAAAGTTTGAAGGTGTTTGAATT	novel	novel	23		1	0
ATTTCGGACCAGGCTTCATTCCC	cons	cons	23	mir166_70	3	0
ACACGTTGGATCTTGGACACG	novel	novel	21		3	0
GCAGGTTGTCCTTGGCTC	cons	mix	18	mir169_3	4	0
GACAGACTTGATGACTTCAACACT	novel	novel	24		1	0
TCTTTCCTAATCCTCCCATT	cons	cons	20	mir482_25	3	0
TTAGATGACCATCAACGAAC	cons	cons	20	mir827_2	2	0
CTATTTGGTAGTTAAGTTGGA	novel	novel	21		1	0
CCAAAGGAGAGCTGCCCTG	cons	cons	19	mir399_17	3	0
CATGTGGAACAACAAAATTGCCT	novel	novel	23		2	0
AGGGAACGGGCTTGGCAG		cons	18		1	0
TGTGAGAGGAGAGAACATCA	novel	novel	20		1	0
CATGGTAGAATTTAGACTATT	novel	novel	21		1	0
GAATGTTGTCTGGCTCGAG	cons	cons	19	mir165_31	13	0
CGAGGACTACAGGCATGATTG	tasi	novel	21		7	0
GTAGCACTGGTCACTGAACACAAG	novel	novel	24		1	0
GGAATGTTGGCTGGCTCGA	cons	cons	19	mir165_41	3	0
TCGCTTGGTGCAGGTCGGGA	cons	cons	20	mir168_3	4	0
TCTTACCTACTCCGCCCA	cons	cons	18	mir472_2	3	0
GGGATAATGGTTCGGCTC	cons	cons	18	mir171_18	1	0
CAAAAGGGGATCTGCAGATACAAC	novel	novel	24		1	0
TTGAGCCGCGCCAATATCACT	cons	cons	21	mir171_4	1	0
AGTTGTGATTGGTGGAGGGGT	novel	novel	21		2	0
CTAGGAGTGTCATGAGACTAGCT	novel	novel	23		1	0
CGGACCAGATGATCTCAGATT	tasi	novel	21		9	0
AGGGAGAGTAGAGTAGAGTAAGC	novel	novel	23		2	0
GAAGCTGCCAGCATGATCTG	cons	cons	20	mir167_16	7	0
CTTAAAACGTCACTATAAGCT	tasi	novel	21		2	0
TGCACTGCCTCTTCCCTGG	cons	cons	19	mir408_10	5	0
TAGTAGAATGCTGACATGACA	novel	novel	21		1	0
TTGACAGAAGATAGAGAGCA	cons	cons	20	mir156_15	1	0
TTAGAATTGAAGGGTGTAAAACT	novel	novel	23		2	0
CATGTAGGTTGTTATTACTCA	novel	novel	21		1	0
AACCCATGAAACTCGTTTGACC	novel	novel	22		1	0
AGAATCTTGATGATGCTGC	cons	cons	19	mir172_16	6	0
CATGCCTGTAGTCCTCGGACCAG	novel	novel	23		5	0
CTCATTGTCTGTTCGACCTT	cons	cons	20	mir858_6	3	0
TTTGGATTGAAGGGAGCTCTA	cons	cons	21	mir159_1	3	0
TGAAGCTGCCAGCATGATCT	cons	cons	20	mir167_11	9	0
CTTTGGCATAACTTTGTACC	novel	novel	20		1	0
CTTGGTGCAGGTCGGGAACT	cons	cons	20	mir168_21	3	0
ATTGGACTGAAGGGAGCT	cons	cons	18	mir156_8	4	0
GTAGAACTCAACATTAGCAATGT	novel	novel	23		1	0
GTGATATTGATTTGGCTCTT	cons	cons	20	mir479_12	3	0
ATTTTCGGCTAACTCTACTCTACT	novel	novel	24		1	0
GGGCTTCTCTCCTTTGGCAC	cons	cons	20	mir399_12	1	0
ACCGGTGAGATACTTGCGAAACT	novel	novel	23		1	0
GGGGGAAAGAAAAATGGTAGGACC	novel	novel	24		1	0
TCCACAGCTTTCTTGAACTG	cons	cons	20	mir396_12	5	0
TCCATTCATGCCTGTAGTCCT	tasi	novel	21		3	0
TTAGATGACCATCAACGAACA	cons	cons	21	mir827_1	1	0
GGAATGTCGTCTGGTTCGA	cons	cons	19	mir165_21	3	0
ATTGGACTGAAGGGAGCTCC	cons	cons	20	mir159_19	2	0
CTTTCCTAATCCTCCCATTCC	cons	cons	21	mir482_33	3	0
GTACCGTCAGCTATTAGATTG	tasi	tasi	21		1	0
GGAATGTCGTCTGGTTCGAG	cons	cons	20	mir165_29	1	0
GTCCTCGGACCAGATGATTTGGGT	novel	novel	24		1	0
CATGATCCTTCAACCCTAACCCGA	novel	novel	24		1	0
CTTAAAACGTCACTATAGGCTCC	novel	novel	23		2	0
GTGTTTCTCTGTATAACG	cons	cons	18	mir7122_10	1	0
CGAGAATGGTTGAGATGGACT	novel	novel	21		1	0
TCATTGAGTGCAGCGTTGATG	cons	cons	21	mir397_1	1	0
GTGATATTGATTTGGCTCTTC	cons	cons	21	mir479_4	1	0
CTTGATGACTTCAACACTTGACCT	novel	novel	24		1	0
TGGCCGAGTCTTGAACTAAA	novel	novel	20		1	0
TTGTGTTAGAACTTAAGGCCC	novel	novel	21		1	0
CGAGATGATTCAAGTTGGGCTT	novel	novel	22		1	0
CACTAGATGTAACTTGAACCC	novel	novel	21		1	0
CATGGATCTCGAGTTTTAGAAAC	novel	novel	23		1	0
AAGTGCTCAAATTCGGTCT	novel	novel	19		1	0
AATTCAAGGAGGAACTGTCACCT	novel	novel	23		2	0
GTCCTCGGACCAGATGATCTC	tasi	novel	21		2	0
CGGAATACCATAAATGTGTACTC	novel	novel	23		1	0
GACGTGATCAGACCATGGAAATC	novel	novel	23		1	0
GAGCTCTCTTCAGTCCACTC	cons	cons	20	mir319_32	1	0
TGGACTGAAGGGAGCTCCTT	cons	cons	20	mir159_36	3	0
AGCCTATAGTGACGTTTTAAGGAC	novel	novel	24		2	0
TTCAAATTTGAACCAATAACAACT	novel	novel	24		1	0
GGCCAGGGTCGGCGCGACC	novel	novel	19		1	0
AGGGACGAAAAACAAACTTTTAGT	novel	novel	24		1	0
CGCTTGGTGCAGGTCGGGAACT	cons	cons	22	mir168_14	1	0
ATTCCACTAAAAAACTCACACCT	novel	novel	23		1	0
TTCAAAAAACCATATCAGACT	novel	novel	21		1	0
ACGACATGAACTAAATTAACA	novel	novel	21		1	0
CCGGCTTTAGCTCAGTTGG	cons	cons	19	mir6478_2	1	0
TTGGCTGCTGCCTGCCCATGCCT	novel	novel	23		1	0
CATGTGGCGAGTTGTAGTTGGTG	novel	novel	23		1	0
CCGTGTTTCTCTGTATAA	cons	cons	18	mir7122_9	4	0
ACGACTTAAATACGCGACGGGG	novel	novel	22		2	0
AAGGATTTGAAGGTGAGACCT	novel	novel	21		1	0
CAATAGATCCTAAATGACAAGTT	novel	novel	23		1	0
GGAATCTTGATGATGCTGC	cons	cons	19	mir172_3	3	0
ACTTTTAAGCTCCCAAAACGCCT	novel	novel	23		1	0
AGAAACAGTCCAGATTGAGAATT	novel	novel	23		1	0
TCCTTAAAACGTCACTATAGGCT	novel	novel	23		3	0
CAGTTGATGCAAGGCGGGA	cons	cons	19	mir168_22	3	0
TTTTGAAACTCGAGCTCCATGAAC	novel	novel	24		1	0
AATTGCTTCTGCCATCTGAA	novel	mix	20		2	0
AGCTGCCGACTCATTCATCCA	cons	cons	21	mir159_43	2	0
CGCCAAAGGAGAATTGTCCTG	cons	cons	21	mir399_3	1	0
TGAAGTGTTTGGGGGAACTC	cons	cons	20	mir395_1	4	0
ACTCTACTCTACTTTACTCTCCCT	novel	novel	24		1	0
TCTTTCCTATGCCACCCA	cons	cons	18	mir482_24	2	0
AGAGAGAGTAGAGTAGAATTGGC	novel	novel	23		2	0
TCGGACCAGGCTTCATTCC	cons	cons	19	mir165_15	35	0
GGAATCCTAATCCGAATTGGACT	novel	novel	23		1	0
TTCCACAGCTTTCTTGAACTG	cons	cons	21	mir396_1	3	0
AATTACACAACTTTGTCCACAACT	novel	novel	24		1	0
CAGGACTGGTTAATTGTAATGAT	novel	novel	23		1	0
TTCGGACCAGGCTTCATTCCCC	cons	cons	22	mir165_7	5	0
AATTTGTAGTCAAACTTTGTCCT	novel	novel	23		1	0
TTGGACTGAAGGGAGCTCC	cons	cons	19	mir159_12	26	0
CACAAAACCTTCAGCTATCC	cons	cons	20	mir7757_2	1	0
TTGACAGTTTATGTAAGGACA	tasi	tasi	21		1	0
TCGGATGGCCTTGCATTCACC	tasi	novel	21		1	0
AGTTGTGGACAAAGTTGTGTAATT	novel	novel	24		1	0
GACTTAAATACGCGACGGGGT	novel	novel	21		5	0
GGAAGTCGTACATGTAGGAGA	tasi	tasi	21		1	0
TCCAACGATGCAGGAGCTG	cons	cons	19	mir156_7	2	0
GTGCTCTTTCTCGTTGTCA	cons	novel	19	mir535_12	1	0
AAAATACTTGGGACTTTCGGCCT	novel	novel	23		1	0
TAACCTGGCTCTGATACCA	cons	cons	19	mir1511_1	1	0
CTGAAGTGTTTGGGGGAACTC	cons	cons	21	mir395_4	1	0
CCCTGACGTTTCAGAACTT	novel	novel	19		1	0
ACAAAAAGTGGTACAGAGGAT	novel	novel	21		1	0
AGTGCACTGGAAGCACTGGACCT	novel	novel	23		1	0
CTGGAGCGGGCCACATGAGTTTG	novel	novel	23		1	0
AGAGAGTGTTGTGTGTAGTATAAC	novel	novel	24		1	0
GTAGATTAGGCTTGGAGGGTC	tasi	novel	21		6	0
AATAGATCATGTGGCAGTTTCA	novel	novel	22		1	0
CCTGGGAACTCTTTTGCAAGA	novel	novel	21		1	0
AAGCTGCCAGCATGATCTG	cons	cons	19	mir167_28	10	0
CTAATTTTTGATCGATCGAGCCT	novel	novel	23		1	0
GCTCAGGAGGGATAGCGCC	cons	cons	19	mir390_8	4	0
ATTTGAATTTTGACTCTTGTCCC	novel	novel	23		1	0
AGATGAAAAATTGTTAGGGCC	novel	novel	21		1	0
TACTTTTTTAACTGAACATGTCCT	novel	novel	24		1	0
TTCCGAGATCGTTATTTTAAG	novel	novel	21		1	0
AATAACACTTAAGTACTGTACCT	novel	novel	23		1	0
GCTACAACCAACAATAGGAAG	novel	novel	21		1	0
AGACTACAATTATCTGATC	cons	cons	19	mir5083_1	1	0
TCGATAAACCTCTGCATCC	cons	cons	19	mir162_2	3	0
TCGGACCAGATGATTTGGGTTAGT	novel	novel	24		1	0
CATGACAAAATTTAGACCCT	novel	novel	20		1	0
AATGATGGTTAAATGATTGAATT	novel	novel	23		1	0
ACTTAAATACGCGACGGGGTA	novel	novel	21		5	0
AAGAGAATTGCTGAAGTGGAACT	novel	novel	23		2	0
AGGGGAGTAGAGTAGAATTGGCT	novel	novel	23		1	0
TGTGTTCTCAGGTCGCCCCTG	cons	cons	21	mir398_1	2	0
AGTTTGTGCGTGAATCCGAC	cons	cons	20	mir403_6	1	0
GAGCTTCCTTCAGTCCACT	cons	cons	19	mir159_32	2	0
TTGGACTGAAGGGAGCTCCT	cons	cons	20	mir159_14	5	0
TGGCATGGGCGAGTAGGG	cons	mix	18	mir482_6	2	0
ATAAGTGTATGTTTCTCTCCT	novel	novel	21		1	0
TTGAGCCAAGGATGACTTG	cons	cons	19	mir169_16	3	0
GGGGAATCTAAGGAACAGTACTT	novel	novel	23		2	0
GTGAGCAAATTGTAGTAAAAGTT	novel	novel	23		1	0
TAGGGTTGTGTTAACGGGCACC	novel	novel	22		2	0
CATAAATGCGTAGTCCCTCCT	novel	novel	21		1	0
CTCACAATGACACTCTCGTGACT	novel	novel	23		1	0
GTTCAAGACTTTTCAAAACTAACT	novel	novel	24		1	0
CAAAAGTTCTATTTTCGTCCC	novel	novel	21		3	0
TTGGACTGAAGGGAGCTCCC	cons	cons	20	mir159_2	13	0
ATCCATTTAAAGAAAGTTTTTATG	novel	novel	24		1	0
AGGGGAGTAAAGTAGAGTTAGCT	novel	novel	23		1	0
GGCATTGTTTGTTGTAATAGAACT	novel	novel	24		1	0
GAGCTTCCTTCAGTCCACTC	cons	cons	20	mir319_31	1	0
TTCGATGTGGGACTCCTAGGACAC	novel	novel	24		1	0
TCCCTACTCCGCCCATGCC	cons	mix	19	mir472_1	10	0
CTTCGCAACGTCCTAGGCATG	tasi	novel	21		1	0
TAAGAAATCGAGTGTTAGAAACT	novel	novel	23		1	0
CTCGGACCAGATGATTTGGGTTAG	novel	novel	24		1	0
TGTGTTCTCAGGTCGCCCCT	cons	cons	20	mir398_3	4	0
CAACAAATCGTAAGTGGTAGATT	novel	novel	23		1	0
CACCTGGTGTAACTCTTATAAAG	novel	novel	23		1	0
TGTCCTTACATAAACTGTCAA	tasi	tasi	21		1	0
AATAGATTGTTAACCAATACCCT	novel	novel	23		1	0
